Time,va_z,Ta_perp_err,va_y_err,Ta_par,np_beam,va_x_err,n_a,Ta_perp,va_x,Status,va_y,Ta_par_err,va_z_err,n_a_err
1975-03-20 00:00:09,,,,,,,,,,4,,,,
1975-03-20 00:01:30,,,,,,,,,,4,,,,
1975-03-20 00:02:51,,,,,,,,,,4,,,,
1975-03-20 00:04:12,,,,,,,,,,4,,,,
1975-03-20 00:05:33,,,,,,,,,,4,,,,
1975-03-20 00:06:54,,,,,,,,,,4,,,,
1975-03-20 00:08:15,,,,,,,,,,4,,,,
1975-03-20 00:09:36,,,,,,,,,,4,,,,
1975-03-20 00:10:57,,,,,,,,,,4,,,,
1975-03-20 00:12:18,,,,,,,,,,4,,,,
1975-03-20 00:13:39,,,,,,,,,,4,,,,
1975-03-20 00:15:00,,,,,,,,,,4,,,,
1975-03-20 00:16:21,,,,,,,,,,4,,,,
1975-03-20 00:17:42,,,,,,,,,,4,,,,
1975-03-20 00:19:03,,,,,,,,,,4,,,,
1975-03-20 00:20:24,,,,,,,,,,4,,,,
1975-03-20 00:21:45,,,,,,,,,,4,,,,
1975-03-20 00:23:06,,,,,,,,,,4,,,,
1975-03-20 00:24:27,,,,,,,,,,4,,,,
1975-03-20 00:25:48,,,,,,,,,,4,,,,
1975-03-20 00:27:09,,,,,,,,,,4,,,,
1975-03-20 00:28:30,,,,,,,,,,4,,,,
1975-03-20 00:29:51,,,,,,,,,,4,,,,
1975-03-20 00:31:12,,,,,,,,,,4,,,,
1975-03-20 00:32:33,,,,,,,,,,4,,,,
1975-03-20 00:33:54,,,,,,,,,,4,,,,
1975-03-20 00:35:15,,,,,,,,,,4,,,,
1975-03-20 00:36:36,,,,,,,,,,4,,,,
1975-03-20 00:37:57,,,,,,,,,,4,,,,
1975-03-20 00:39:18,,,,,,,,,,4,,,,
1975-03-20 00:40:39,,,,,,,,,,4,,,,
1975-03-20 00:42:00,,,,,,,,,,4,,,,
1975-03-20 00:43:21,,,,,,,,,,4,,,,
1975-03-20 00:44:42,,,,,,,,,,4,,,,
1975-03-20 00:46:03,,,,,,,,,,4,,,,
1975-03-20 00:47:24,,,,,,,,,,4,,,,
1975-03-20 00:48:45,,,,,,,,,,4,,,,
1975-03-20 00:50:06,,,,,,,,,,4,,,,
1975-03-20 00:51:27,,,,,,,,,,4,,,,
1975-03-20 00:52:48,,,,,,,,,,4,,,,
1975-03-20 00:54:09,,,,,,,,,,4,,,,
1975-03-20 00:55:30,,,,,,,,,,4,,,,
1975-03-20 00:56:51,,,,,,,,,,4,,,,
1975-03-20 00:58:12,,,,,,,,,,4,,,,
1975-03-20 00:59:33,,,,,,,,,,4,,,,
1975-03-20 01:00:54,,,,,,,,,,4,,,,
1975-03-20 01:02:15,,,,,,,,,,4,,,,
1975-03-20 01:03:36,,,,,,,,,,4,,,,
1975-03-20 01:04:57,,,,,,,,,,4,,,,
1975-03-20 01:06:18,,,,,,,,,,4,,,,
1975-03-20 01:07:39,,,,,,,,,,4,,,,
1975-03-20 01:09:00,,,,,,,,,,4,,,,
1975-03-20 01:10:21,,,,,,,,,,4,,,,
1975-03-20 01:11:42,,,,,,,,,,4,,,,
1975-03-20 01:13:03,,,,,,,,,,4,,,,
1975-03-20 01:14:24,,,,,,,,,,4,,,,
1975-03-20 01:15:45,,,,,,,,,,4,,,,
1975-03-20 01:17:06,,,,,,,,,,4,,,,
1975-03-20 01:18:27,,,,,,,,,,4,,,,
1975-03-20 01:19:48,,,,,,,,,,4,,,,
1975-03-20 01:21:09,,,,,,,,,,4,,,,
1975-03-20 01:22:30,,,,,,,,,,4,,,,
1975-03-20 01:23:51,,,,,,,,,,4,,,,
1975-03-20 01:25:12,,,,,,,,,,4,,,,
1975-03-20 01:26:33,,,,,,,,,,4,,,,
1975-03-20 01:27:54,,,,,,,,,,4,,,,
1975-03-20 01:29:15,,,,,,,,,,4,,,,
1975-03-20 01:30:36,,,,,,,,,,4,,,,
1975-03-20 01:31:57,,,,,,,,,,4,,,,
1975-03-20 01:33:18,,,,,,,,,,4,,,,
1975-03-20 01:34:39,,,,,,,,,,4,,,,
1975-03-20 01:36:00,,,,,,,,,,4,,,,
1975-03-20 01:37:21,,,,,,,,,,4,,,,
1975-03-20 01:38:42,,,,,,,,,,4,,,,
1975-03-20 01:40:03,,,,,,,,,,4,,,,
1975-03-20 01:41:24,,,,,,,,,,4,,,,
1975-03-20 01:42:45,,,,,,,,,,4,,,,
1975-03-20 01:44:06,,,,,,,,,,4,,,,
1975-03-20 01:45:27,,,,,,,,,,4,,,,
1975-03-20 01:46:48,,,,,,,,,,4,,,,
1975-03-20 01:48:09,,,,,,,,,,4,,,,
1975-03-20 01:49:30,,,,,,,,,,4,,,,
1975-03-20 01:50:51,,,,,,,,,,4,,,,
1975-03-20 01:52:12,,,,,,,,,,4,,,,
1975-03-20 01:53:33,,,,,,,,,,4,,,,
1975-03-20 01:54:54,,,,,,,,,,4,,,,
1975-03-20 01:56:15,,,,,,,,,,4,,,,
1975-03-20 01:57:36,,,,,,,,,,4,,,,
1975-03-20 01:58:57,,,,,,,,,,4,,,,
1975-03-20 02:00:18,,,,,,,,,,4,,,,
1975-03-20 02:01:39,,,,,,,,,,4,,,,
1975-03-20 02:03:00,,,,,,,,,,4,,,,
1975-03-20 02:04:21,,,,,,,,,,4,,,,
1975-03-20 02:05:42,,,,,,,,,,4,,,,
1975-03-20 02:07:03,,,,,,,,,,4,,,,
1975-03-20 02:08:24,,,,,,,,,,4,,,,
1975-03-20 02:09:45,,,,,,,,,,4,,,,
1975-03-20 02:11:06,,,,,,,,,,4,,,,
1975-03-20 02:12:27,,,,,,,,,,4,,,,
1975-03-20 02:13:48,,,,,,,,,,4,,,,
1975-03-20 02:15:09,,,,,,,,,,4,,,,
1975-03-20 02:16:30,,,,,,,,,,4,,,,
1975-03-20 02:17:51,,,,,,,,,,4,,,,
1975-03-20 02:19:12,,,,,,,,,,4,,,,
1975-03-20 02:20:33,,,,,,,,,,4,,,,
1975-03-20 02:21:54,,,,,,,,,,4,,,,
1975-03-20 02:23:15,,,,,,,,,,4,,,,
1975-03-20 02:24:36,,,,,,,,,,4,,,,
1975-03-20 02:25:57,,,,,,,,,,4,,,,
1975-03-20 02:27:18,,,,,,,,,,4,,,,
1975-03-20 02:28:39,,,,,,,,,,4,,,,
1975-03-20 02:30:00,,,,,,,,,,4,,,,
1975-03-20 02:31:21,,,,,,,,,,4,,,,
1975-03-20 02:32:42,,,,,,,,,,4,,,,
1975-03-20 02:34:03,,,,,,,,,,4,,,,
1975-03-20 02:35:24,,,,,,,,,,4,,,,
1975-03-20 02:36:45,,,,,,,,,,4,,,,
1975-03-20 02:38:06,,,,,,,,,,4,,,,
1975-03-20 02:39:27,,,,,,,,,,4,,,,
1975-03-20 02:40:48,,,,,,,,,,4,,,,
1975-03-20 02:42:09,,,,,,,,,,4,,,,
1975-03-20 02:43:30,,,,,,,,,,4,,,,
1975-03-20 02:44:51,,,,,,,,,,4,,,,
1975-03-20 02:47:33,,,,,,,,,,4,,,,
1975-03-20 02:48:54,,,,,,,,,,4,,,,
1975-03-20 02:50:15,,,,,,,,,,4,,,,
1975-03-20 02:51:36,,,,,,,,,,4,,,,
1975-03-20 02:52:57,,,,,,,,,,4,,,,
1975-03-20 02:54:18,,,,,,,,,,4,,,,
1975-03-20 02:55:39,,,,,,,,,,4,,,,
1975-03-20 02:57:00,,,,,,,,,,4,,,,
1975-03-20 02:58:21,,,,,,,,,,4,,,,
1975-03-20 02:59:42,,,,,,,,,,4,,,,
1975-03-20 03:01:03,,,,,,,,,,4,,,,
1975-03-20 03:02:24,,,,,,,,,,4,,,,
1975-03-20 03:03:45,,,,,,,,,,4,,,,
1975-03-20 03:05:06,,,,,,,,,,4,,,,
1975-03-20 03:06:27,,,,,,,,,,4,,,,
1975-03-20 03:07:48,,,,,,,,,,4,,,,
1975-03-20 03:09:09,,,,,,,,,,4,,,,
1975-03-20 03:10:30,,,,,,,,,,4,,,,
1975-03-20 03:11:51,,,,,,,,,,4,,,,
1975-03-20 03:13:12,,,,,,,,,,4,,,,
1975-03-20 03:14:33,,,,,,,,,,4,,,,
1975-03-20 03:15:54,,,,,,,,,,4,,,,
1975-03-20 03:17:15,,,,,,,,,,4,,,,
1975-03-20 03:18:36,,,,,,,,,,4,,,,
1975-03-20 03:19:57,,,,,,,,,,4,,,,
1975-03-20 03:21:18,,,,,,,,,,4,,,,
1975-03-20 03:22:39,,,,,,,,,,4,,,,
1975-03-20 03:24:00,,,,,,,,,,4,,,,
1975-03-20 03:25:21,,,,,,,,,,4,,,,
1975-03-20 03:26:42,,,,,,,,,,4,,,,
1975-03-20 03:28:03,,,,,,,,,,4,,,,
1975-03-20 03:29:24,,,,,,,,,,4,,,,
1975-03-20 03:30:45,,,,,,,,,,4,,,,
1975-03-20 03:32:06,,,,,,,,,,4,,,,
1975-03-20 03:33:27,,,,,,,,,,4,,,,
1975-03-20 03:34:48,,,,,,,,,,4,,,,
1975-03-20 03:36:09,,,,,,,,,,4,,,,
1975-03-20 03:37:30,,,,,,,,,,4,,,,
1975-03-20 03:38:51,,,,,,,,,,4,,,,
1975-03-20 03:40:12,,,,,,,,,,4,,,,
1975-03-20 03:41:33,,,,,,,,,,4,,,,
1975-03-20 03:42:54,,,,,,,,,,4,,,,
1975-03-20 03:44:15,,,,,,,,,,4,,,,
1975-03-20 03:45:36,,,,,,,,,,4,,,,
1975-03-20 03:46:57,,,,,,,,,,4,,,,
1975-03-20 03:48:18,,,,,,,,,,4,,,,
1975-03-20 03:49:39,,,,,,,,,,4,,,,
1975-03-20 03:51:00,,,,,,,,,,4,,,,
1975-03-20 03:52:21,,,,,,,,,,4,,,,
1975-03-20 03:53:42,,,,,,,,,,4,,,,
1975-03-20 03:55:03,,,,,,,,,,4,,,,
1975-03-20 03:56:24,,,,,,,,,,4,,,,
1975-03-20 03:57:45,,,,,,,,,,4,,,,
1975-03-20 03:59:06,,,,,,,,,,4,,,,
1975-03-20 04:00:27,,,,,,,,,,4,,,,
1975-03-20 04:01:48,,,,,,,,,,4,,,,
1975-03-20 04:03:09,,,,,,,,,,4,,,,
1975-03-20 04:04:30,,,,,,,,,,4,,,,
1975-03-20 04:05:51,,,,,,,,,,4,,,,
1975-03-20 04:07:12,,,,,,,,,,4,,,,
1975-03-20 04:08:33,,,,,,,,,,4,,,,
1975-03-20 04:09:54,,,,,,,,,,4,,,,
1975-03-20 04:12:36,,,,,,,,,,4,,,,
1975-03-20 04:13:57,,,,,,,,,,4,,,,
1975-03-20 04:15:18,,,,,,,,,,4,,,,
1975-03-20 04:16:39,,,,,,,,,,4,,,,
1975-03-20 04:18:00,,,,,,,,,,4,,,,
1975-03-20 04:19:21,,,,,,,,,,4,,,,
1975-03-20 04:20:42,,,,,,,,,,4,,,,
1975-03-20 04:22:03,,,,,,,,,,4,,,,
1975-03-20 04:23:24,,,,,,,,,,4,,,,
1975-03-20 04:24:45,,,,,,,,,,4,,,,
1975-03-20 04:26:06,,,,,,,,,,4,,,,
1975-03-20 04:27:27,,,,,,,,,,4,,,,
1975-03-20 04:28:48,,,,,,,,,,4,,,,
1975-03-20 04:30:09,,,,,,,,,,4,,,,
1975-03-20 04:31:30,,,,,,,,,,4,,,,
1975-03-20 04:32:51,,,,,,,,,,4,,,,
1975-03-20 04:34:12,,,,,,,,,,4,,,,
1975-03-20 04:35:33,,,,,,,,,,4,,,,
1975-03-20 04:36:54,,,,,,,,,,4,,,,
1975-03-20 04:38:15,,,,,,,,,,4,,,,
1975-03-20 04:39:36,,,,,,,,,,4,,,,
1975-03-20 04:40:57,,,,,,,,,,4,,,,
1975-03-20 04:42:18,,,,,,,,,,4,,,,
1975-03-20 04:43:39,,,,,,,,,,4,,,,
1975-03-20 04:45:00,,,,,,,,,,4,,,,
1975-03-20 04:46:21,,,,,,,,,,4,,,,
1975-03-20 04:47:42,,,,,,,,,,4,,,,
1975-03-20 04:49:03,,,,,,,,,,4,,,,
1975-03-20 04:50:24,,,,,,,,,,4,,,,
1975-03-20 04:51:45,,,,,,,,,,4,,,,
1975-03-20 04:53:06,,,,,,,,,,4,,,,
1975-03-20 04:54:27,,,,,,,,,,4,,,,
1975-03-20 04:55:48,,,,,,,,,,4,,,,
1975-03-20 04:57:09,,,,,,,,,,4,,,,
1975-03-20 04:58:30,,,,,,,,,,4,,,,
1975-03-20 04:59:51,,,,,,,,,,4,,,,
1975-03-20 05:01:12,,,,,,,,,,4,,,,
1975-03-20 05:02:33,,,,,,,,,,4,,,,
1975-03-20 05:03:54,,,,,,,,,,4,,,,
1975-03-20 05:05:15,,,,,,,,,,4,,,,
1975-03-20 05:06:36,,,,,,,,,,4,,,,
1975-03-20 05:07:57,,,,,,,,,,4,,,,
1975-03-20 05:09:18,,,,,,,,,,4,,,,
1975-03-20 05:10:39,,,,,,,,,,4,,,,
1975-03-20 05:12:00,,,,,,,,,,4,,,,
1975-03-20 05:13:21,,,,,,,,,,4,,,,
1975-03-20 05:14:42,,,,,,,,,,4,,,,
1975-03-20 05:16:03,,,,,,,,,,4,,,,
1975-03-20 05:17:24,,,,,,,,,,4,,,,
1975-03-20 05:18:45,,,,,,,,,,4,,,,
1975-03-20 05:20:06,,,,,,,,,,4,,,,
1975-03-20 05:21:27,,,,,,,,,,4,,,,
1975-03-20 05:22:48,,,,,,,,,,4,,,,
1975-03-20 05:24:09,,,,,,,,,,4,,,,
1975-03-20 05:25:30,,,,,,,,,,4,,,,
1975-03-20 05:26:51,,,,,,,,,,4,,,,
1975-03-20 05:28:12,,,,,,,,,,4,,,,
1975-03-20 05:29:33,,,,,,,,,,4,,,,
1975-03-20 05:30:54,,,,,,,,,,4,,,,
1975-03-20 05:32:15,,,,,,,,,,4,,,,
1975-03-20 05:33:36,,,,,,,,,,4,,,,
1975-03-20 05:34:57,,,,,,,,,,4,,,,
1975-03-20 05:36:18,,,,,,,,,,4,,,,
1975-03-20 05:37:39,,,,,,,,,,4,,,,
1975-03-20 05:39:00,,,,,,,,,,4,,,,
1975-03-20 05:40:21,,,,,,,,,,4,,,,
1975-03-20 05:41:42,,,,,,,,,,4,,,,
1975-03-20 05:43:03,,,,,,,,,,4,,,,
1975-03-20 05:44:24,,,,,,,,,,4,,,,
1975-03-20 05:45:45,,,,,,,,,,4,,,,
1975-03-20 05:47:06,,,,,,,,,,4,,,,
1975-03-20 05:48:27,,,,,,,,,,4,,,,
1975-03-20 05:49:48,,,,,,,,,,4,,,,
1975-03-20 05:51:09,,,,,,,,,,4,,,,
1975-03-20 05:52:30,,,,,,,,,,4,,,,
1975-03-20 05:53:51,,,,,,,,,,4,,,,
1975-03-20 05:55:12,,,,,,,,,,4,,,,
1975-03-20 05:56:33,,,,,,,,,,4,,,,
1975-03-20 05:57:54,,,,,,,,,,4,,,,
1975-03-20 05:59:15,,,,,,,,,,4,,,,
1975-03-20 06:00:36,,,,,,,,,,4,,,,
1975-03-20 06:01:57,,,,,,,,,,4,,,,
1975-03-20 06:03:18,,,,,,,,,,4,,,,
1975-03-20 06:04:39,,,,,,,,,,4,,,,
1975-03-20 06:06:00,,,,,,,,,,4,,,,
1975-03-20 06:07:21,,,,,,,,,,4,,,,
1975-03-20 06:08:42,,,,,,,,,,4,,,,
1975-03-20 06:10:03,,,,,,,,,,4,,,,
1975-03-20 06:11:24,,,,,,,,,,4,,,,
1975-03-20 06:12:45,,,,,,,,,,4,,,,
1975-03-20 06:14:06,,,,,,,,,,4,,,,
1975-03-20 06:15:27,,,,,,,,,,4,,,,
1975-03-20 06:16:48,,,,,,,,,,4,,,,
1975-03-20 06:18:09,,,,,,,,,,4,,,,
1975-03-20 06:19:30,,,,,,,,,,4,,,,
1975-03-20 06:20:51,,,,,,,,,,4,,,,
1975-03-20 06:22:12,,,,,,,,,,4,,,,
1975-03-20 06:23:33,,,,,,,,,,4,,,,
1975-03-20 06:24:54,,,,,,,,,,4,,,,
1975-03-20 06:26:15,,,,,,,,,,4,,,,
1975-03-20 06:27:36,,,,,,,,,,4,,,,
1975-03-20 06:28:57,,,,,,,,,,4,,,,
1975-03-20 06:30:18,,,,,,,,,,4,,,,
1975-03-20 06:31:39,,,,,,,,,,4,,,,
1975-03-20 06:33:00,,,,,,,,,,4,,,,
1975-03-20 06:34:21,,,,,,,,,,4,,,,
1975-03-20 06:35:42,,,,,,,,,,4,,,,
1975-03-20 06:37:03,,,,,,,,,,4,,,,
1975-03-20 06:38:24,,,,,,,,,,4,,,,
1975-03-20 06:39:45,,,,,,,,,,4,,,,
1975-03-20 06:41:06,,,,,,,,,,4,,,,
1975-03-20 06:42:27,,,,,,,,,,4,,,,
1975-03-20 06:43:48,,,,,,,,,,4,,,,
1975-03-20 06:45:09,,,,,,,,,,4,,,,
1975-03-20 06:46:30,,,,,,,,,,4,,,,
1975-03-20 06:47:51,,,,,,,,,,4,,,,
1975-03-20 06:49:12,,,,,,,,,,4,,,,
1975-03-20 06:50:33,,,,,,,,,,4,,,,
1975-03-20 07:04:37,,,,,,,,,,4,,,,
1975-03-20 07:05:58,,,,,,,,,,4,,,,
1975-03-20 07:08:40,,,,,,,,,,4,,,,
1975-03-20 07:09:27,,,,,,,,,,4,,,,
1975-03-20 07:10:48,,,,,,,,,,4,,,,
1975-03-20 07:12:09,,,,,,,,,,4,,,,
1975-03-20 07:13:30,,,,,,,,,,4,,,,
1975-03-20 07:14:51,,,,,,,,,,4,,,,
1975-03-20 07:16:12,,,,,,,,,,4,,,,
1975-03-20 07:17:33,,,,,,,,,,4,,,,
1975-03-20 07:18:54,,,,,,,,,,4,,,,
1975-03-20 07:20:15,,,,,,,,,,4,,,,
1975-03-20 07:21:36,,,,,,,,,,4,,,,
1975-03-20 07:22:57,,,,,,,,,,4,,,,
1975-03-20 07:24:18,,,,,,,,,,4,,,,
1975-03-20 07:25:39,,,,,,,,,,4,,,,
1975-03-20 07:27:00,,,,,,,,,,4,,,,
1975-03-20 07:28:21,,,,,,,,,,4,,,,
1975-03-20 07:29:42,,,,,,,,,,4,,,,
1975-03-20 07:31:03,,,,,,,,,,4,,,,
1975-03-20 07:32:24,,,,,,,,,,4,,,,
1975-03-20 07:33:45,,,,,,,,,,4,,,,
1975-03-20 07:35:06,,,,,,,,,,4,,,,
1975-03-20 07:36:27,,,,,,,,,,4,,,,
1975-03-20 07:37:48,,,,,,,,,,4,,,,
1975-03-20 07:39:09,,,,,,,,,,4,,,,
1975-03-20 07:40:30,,,,,,,,,,4,,,,
1975-03-20 07:41:51,,,,,,,,,,4,,,,
1975-03-20 07:43:12,,,,,,,,,,4,,,,
1975-03-20 07:44:33,,,,,,,,,,4,,,,
1975-03-20 07:45:54,,,,,,,,,,4,,,,
1975-03-20 07:47:15,,,,,,,,,,4,,,,
1975-03-20 07:48:36,,,,,,,,,,4,,,,
1975-03-20 07:49:57,,,,,,,,,,4,,,,
1975-03-20 07:51:18,,,,,,,,,,4,,,,
1975-03-20 07:52:39,,,,,,,,,,4,,,,
1975-03-20 07:54:00,,,,,,,,,,4,,,,
1975-03-20 07:55:21,,,,,,,,,,4,,,,
1975-03-20 07:56:42,,,,,,,,,,4,,,,
1975-03-20 07:58:01,,,,,,,,,,4,,,,
1975-03-20 07:59:22,,,,,,,,,,4,,,,
1975-03-20 08:02:58,,,,,,,,,,4,,,,
1975-03-20 08:03:27,,,,,,,,,,4,,,,
1975-03-20 08:04:48,,,,,,,,,,4,,,,
1975-03-20 08:06:09,,,,,,,,,,4,,,,
1975-03-20 08:07:30,,,,,,,,,,4,,,,
1975-03-20 08:08:51,,,,,,,,,,4,,,,
1975-03-20 08:10:12,,,,,,,,,,4,,,,
1975-03-20 08:11:33,,,,,,,,,,4,,,,
1975-03-20 08:12:54,,,,,,,,,,4,,,,
1975-03-20 08:14:15,,,,,,,,,,4,,,,
1975-03-20 08:15:36,,,,,,,,,,4,,,,
1975-03-20 08:16:57,,,,,,,,,,4,,,,
1975-03-20 08:18:18,,,,,,,,,,4,,,,
1975-03-20 08:19:39,,,,,,,,,,4,,,,
1975-03-20 08:21:00,,,,,,,,,,4,,,,
1975-03-20 08:22:21,,,,,,,,,,4,,,,
1975-03-20 08:23:42,,,,,,,,,,4,,,,
1975-03-20 08:25:03,,,,,,,,,,4,,,,
1975-03-20 08:26:24,,,,,,,,,,4,,,,
1975-03-20 08:27:45,,,,,,,,,,4,,,,
1975-03-20 08:29:06,,,,,,,,,,4,,,,
1975-03-20 08:30:27,,,,,,,,,,4,,,,
1975-03-20 08:31:48,,,,,,,,,,4,,,,
1975-03-20 08:33:09,,,,,,,,,,4,,,,
1975-03-20 08:34:30,,,,,,,,,,4,,,,
1975-03-20 08:35:51,,,,,,,,,,4,,,,
1975-03-20 08:37:12,,,,,,,,,,4,,,,
1975-03-20 08:38:33,,,,,,,,,,4,,,,
1975-03-20 08:39:54,,,,,,,,,,4,,,,
1975-03-20 08:41:15,,,,,,,,,,4,,,,
1975-03-20 08:42:36,,,,,,,,,,4,,,,
1975-03-20 08:43:57,,,,,,,,,,4,,,,
1975-03-20 08:45:18,,,,,,,,,,4,,,,
1975-03-20 08:46:39,,,,,,,,,,4,,,,
1975-03-20 08:48:00,,,,,,,,,,4,,,,
1975-03-20 08:49:21,,,,,,,,,,4,,,,
1975-03-20 08:53:12,,,,,,,,,,4,,,,
1975-03-20 08:53:22,,,,,,,,,,4,,,,
1975-03-20 08:54:03,,,,,,,,,,4,,,,
1975-03-20 08:54:13,,,,,,,,,,4,,,,
1975-03-20 08:54:34,,,,,,,,,,4,,,,
1975-03-20 08:55:14,,,,,,,,,,4,,,,
1975-03-20 08:55:55,,,,,,,,,,4,,,,
1975-03-20 08:56:35,,,,,,,,,,4,,,,
1975-03-20 08:57:16,,,,,,,,,,4,,,,
1975-03-20 08:57:56,,,,,,,,,,4,,,,
1975-03-20 08:58:37,,,,,,,,,,4,,,,
1975-03-20 08:59:17,,,,,,,,,,4,,,,
1975-03-20 08:59:58,,,,,,,,,,4,,,,
1975-03-20 09:00:38,,,,,,,,,,4,,,,
1975-03-20 09:01:19,,,,,,,,,,4,,,,
1975-03-20 09:01:59,,,,,,,,,,4,,,,
1975-03-20 09:02:40,,,,,,,,,,4,,,,
1975-03-20 09:03:20,,,,,,,,,,4,,,,
1975-03-20 09:04:01,,,,,,,,,,4,,,,
1975-03-20 09:04:41,,,,,,,,,,4,,,,
1975-03-20 09:05:22,,,,,,,,,,4,,,,
1975-03-20 09:06:02,,,,,,,,,,4,,,,
1975-03-20 09:06:12,,,,,,,,,,4,,,,
1975-03-20 09:06:53,,,,,9.905296835749493,,,,,10,,,,
1975-03-20 09:07:33,,,,,6.638184383500596,,,,,3,,,,
1975-03-20 09:08:14,,,,,9.844853461592269,,,,,9,,,,
1975-03-20 09:08:54,,,,,7.665512408488041,,,,,10,,,,
1975-03-20 09:09:35,17.967674425578643,0.10623870051756636,0.032271928155505274,169109.87889033265,8.50485304741405,0.01552604823923852,3.036141138915482,785989.9873050181,343.85527215725347,1,55.68408343948733,0.11817816074942913,0.008288112255433185,0.1149010920162598
1975-03-20 09:10:15,,,,,8.522297307117725,,,,,10,,,,
1975-03-20 09:10:56,45.27342217985218,0.10213162497637919,0.10325257171433987,207252.11321626476,7.401665825974411,0.014803294925557103,3.317152958197164,904896.0201920386,337.6797709075854,1,43.56796666001639,0.10484172744628176,0.009359921131444404,0.10746863794367253
1975-03-20 09:11:36,,,,,8.282491483465375,,,,,9,,,,
1975-03-20 09:12:17,,,,,9.585246890852464,,,,,10,,,,
1975-03-20 09:12:57,,,,,13.213453140423697,,,,,3,,,,
1975-03-20 09:13:38,,,,,12.663834856514091,,,,,3,,,,
1975-03-20 09:14:18,,,,,11.108295643622302,,,,,3,,,,
1975-03-20 09:14:59,,,,,15.075820343242864,,,,,10,,,,
1975-03-20 09:15:39,,,,,9.551934928102606,,,,,9,,,,
1975-03-20 09:16:20,,,,,7.85001957389793,,,,,3,,,,
1975-03-20 09:17:00,,,,,7.784274378926599,,,,,3,,,,
1975-03-20 09:17:41,,,,,12.036379902606582,,,,,3,,,,
1975-03-20 09:18:21,,,,,8.338034710848458,,,,,3,,,,
1975-03-20 09:19:02,,,,,10.698435655898196,,,,,10,,,,
1975-03-20 09:19:42,,,,,10.031877619931523,,,,,3,,,,
1975-03-20 09:20:23,,,,,10.142816912156421,,,,,9,,,,
1975-03-20 09:21:03,,,,,9.535630373140432,,,,,3,,,,
1975-03-20 09:21:44,,,,,12.28954250057988,,,,,9,,,,
1975-03-20 09:22:24,,,,,12.321448104673259,,,,,3,,,,
1975-03-20 09:23:05,,,,,15.449313723125826,,,,,3,,,,
1975-03-20 09:23:45,,,,,14.77286432660941,,,,,3,,,,
1975-03-20 09:24:26,,,,,15.657430210867535,,,,,10,,,,
1975-03-20 09:25:06,,,,,9.648873242976528,,,,,3,,,,
1975-03-20 09:32:31,,,,,22.057874431367804,,,,,10,,,,
1975-03-20 09:33:12,,,,,5.955008390961693,,,,,3,,,,
1975-03-20 09:38:02,,,,,6.212014752204016,,,,,9,,,,
1975-03-20 09:38:43,,,,,6.05393229554245,,,,,3,,,,
1975-03-20 09:39:23,,,,,7.764602167811098,,,,,10,,,,
1975-03-20 09:40:04,,,,,6.649645828568019,,,,,3,,,,
1975-03-20 09:40:44,,,,,8.991714378147327,,,,,3,,,,
1975-03-20 09:41:25,,,,,5.23155187014174,,,,,3,,,,
1975-03-20 09:42:05,-1.0637085902509595,0.07562799627866931,0.015309415509191293,357442.88377690484,3.190770378539284,0.011213939577882666,6.959690227120991,198605.43739140738,274.7956746765539,1,-18.06797613174954,0.3107165806930525,0.03458957838275448,0.22002280084720827
1975-03-20 09:42:46,,,,,5.977022723038383,,,,,3,,,,
1975-03-20 09:43:26,,,,,6.265334681907992,,,,,3,,,,
1975-03-20 09:44:07,10.09346916503875,0.16183717376992554,0.04773730064790798,92143.90139993741,5.028556465318469,0.03223966622240028,3.04932636443645,733327.4864839128,313.8077936788689,1,52.62820826055439,0.22974018420320097,0.0102970416489097,0.23925601731366125
1975-03-20 09:44:47,,,,,5.4405207539986655,,,,,10,,,,
1975-03-20 09:45:28,,,,,2.7399606532256744,,,,,3,,,,
1975-03-20 09:46:08,,,,,5.500736524870971,,,,,10,,,,
1975-03-20 09:46:49,,,,,2.4616912869573198,,,,,3,,,,
1975-03-20 09:47:29,22.72772045309256,0.11306383044875307,0.06237068799269914,209896.16124528775,4.333802903757659,0.02475313023063035,4.1548070369831684,1000010.860633621,322.329161868435,1,52.95211897221183,0.12627448826756174,0.012057593731080387,0.1476854440032379
1975-03-20 09:48:10,26.97315169699311,0.1463641211077839,0.07812110765868939,188829.23558300207,3.926974027493543,0.01993580635061036,3.6873985724142475,989867.671218358,332.78913317638796,1,53.06403729256106,0.16284906126461446,0.01422793547983794,0.15426312665949904
1975-03-20 09:48:50,30.334272534948816,0.08421086009097586,0.05605127933552972,223274.0905367722,6.640956300665271,0.011645723623037415,3.0507627519835117,766743.3685651869,339.759176576198,1,56.322048489471584,0.09691419912739631,0.011903696063678375,0.09279764727592286
1975-03-20 09:49:31,12.50266287712194,0.09728240405127023,0.07573350718407026,225187.524258442,1.242068382136213,0.020949025171571368,4.803750314426387,1166799.247575357,329.3571366872201,1,58.87786244377871,0.13219086474312236,0.022699322284131313,0.13074929283246026
1975-03-20 09:50:11,19.455294628890915,0.08521636577936877,0.06191500099839099,263075.5868201559,6.456493935790801,0.01206600089472807,3.5966899512679045,877689.7723294672,342.36433923428115,1,60.103745124217625,0.09517270138668474,0.016873485544154306,0.09302305961148115
1975-03-20 09:50:52,28.65190595406074,0.15060306767722823,0.15141129441293613,139226.5190500888,3.3762445162812695,0.0244575891210883,3.3241830205095915,1080477.9329398856,341.48438514190184,1,55.46166426342237,0.1531901369292434,0.017681057404419716,0.16314822472465856
1975-03-20 09:51:32,8.17903144981973,0.09332349657468943,0.039983367301555814,219214.52953741807,4.606405849723801,0.02142595010731078,5.272305450580756,1130301.3461455682,322.32618129939823,1,59.48209434692031,0.12232633723511527,0.01180211156665397,0.12498851041551974
1975-03-20 09:52:13,19.61770400559457,0.16283123178754905,0.08215389422499278,142212.1356434713,5.08123349340131,0.02989980385093456,5.0935464675271955,1394479.0687187903,320.16013540715414,1,52.72989108956541,0.15351666615571208,0.012756477772350647,0.1657026003899933
1975-03-20 09:52:53,15.800306315048651,0.09562745373873052,0.03323253232488275,195307.12500286385,8.169642386374925,0.019775632462334825,3.9674487057756465,908714.5687213993,327.38047851725884,1,57.347887155844404,0.11306041280077399,0.008687103993053606,0.1218484417602664
1975-03-20 09:53:34,,,,,4.723695511765461,,,,,3,,,,
1975-03-20 09:54:14,,,,,5.4456871776621725,,,,,10,,,,
1975-03-20 09:54:55,,,,,5.537816495404046,,,,,3,,,,
1975-03-20 09:55:35,,,,,5.5747303697563755,,,,,10,,,,
1975-03-20 09:56:16,,,,,3.8040954998482146,,,,,3,,,,
1975-03-20 09:56:56,,,,,7.581488466487812,,,,,10,,,,
1975-03-20 09:57:37,-1.7784138325868306,0.12719439227330756,0.0609582559953158,312875.8283774314,5.206445871747867,0.040237929112240806,7.6827567112244255,1446961.8353789672,309.5433591817636,1,60.30392668725493,0.2340090647035908,0.04187581836631007,0.23649423664411745
1975-03-20 09:58:17,32.978918500257436,0.11055898310199083,0.07455915419174165,166202.70677961264,7.258809100362963,0.018162654207801786,3.4546001020863333,957161.0082737353,335.4369521687549,1,53.88802913493585,0.116196486962042,0.010739327908402617,0.12099788793648603
1975-03-20 09:58:58,8.975041702995123,0.12509536601287652,0.03934707239139976,152480.58772104434,6.553199791635141,0.01643704541990262,4.0735980255267545,1046737.5239656512,338.1133679195425,1,66.99649811467776,0.14856127649386833,0.0092737735922036,0.12884082819293916
1975-03-20 09:59:38,,,,,5.533123020188661,,,,,3,,,,
1975-03-20 10:02:20,,,,,11.002848034055074,,,,,3,,,,
1975-03-20 10:03:01,-4.363470177891512,0.09339722310968744,0.020441722252683404,365715.5296773578,4.550765399709685,0.016310446693492006,8.505009092336158,259850.95477078925,277.4756427680274,1,-19.91296294814063,0.3544801767808568,0.047297870431759446,0.31349912931710483
1975-03-20 10:03:41,,,,,6.983565732076563,,,,,3,,,,
1975-03-20 10:05:02,,,,,9.192095710822313,,,,,3,,,,
1975-03-20 10:05:43,,,,,6.203965063397122,,,,,3,,,,
1975-03-20 10:06:23,,,,,4.210230151512418,,,,,9,,,,
1975-03-20 10:07:04,,,,,5.6528210689623,,,,,3,,,,
1975-03-20 10:07:44,-3.8007435220689536,0.05195581302680379,0.010027471143170394,686264.9160485814,3.770844219408409,0.008900053812387872,14.42989681299436,232494.4916011415,265.2778219434872,1,0.49929289988827463,0.30019021775609755,0.06097670102021211,0.26005861793084256
1975-03-20 10:08:25,-8.136890596464514,0.09976223994845786,0.019138714602008743,389355.16873464553,5.540215048929341,0.014757608452161898,8.756855559574088,202007.14193837368,273.64491235290404,1,-13.007043724640504,0.4213019591189072,0.073576862388219,0.4676587591731253
1975-03-20 10:09:05,,,,,6.335655496880652,,,,,10,,,,
1975-03-20 10:09:46,,,,,7.029503030525249,,,,,3,,,,
1975-03-20 10:10:26,-4.811085689405223,0.11078626860548255,0.030744367487741956,230899.5461429764,4.7346763262200975,0.01778989486645499,4.060998258151303,932614.2696566994,340.3510680360769,1,61.81242540036623,0.1416709213602988,0.013368128031040677,0.12891560121622198
1975-03-20 10:11:07,,,,,3.7691524899702125,,,,,3,,,,
1975-03-20 10:11:47,-15.713877344691229,0.17662066364863557,0.048945725744818,171023.1541793887,6.966508289766958,0.0422005891571973,3.6540239100685916,909055.9512250725,320.1170313849233,1,52.19162572612482,0.18126125003630839,0.011320708719656463,0.23690126602904168
1975-03-20 10:12:28,,,,,6.206255261914145,,,,,3,,,,
1975-03-20 10:13:08,-21.273815801222685,0.13406213701290556,0.043344267134530726,174239.48465082256,6.831934417276308,0.04345489125260533,4.3865319210821125,990328.5509407897,307.1169677559029,1,48.668116210658276,0.15041373400337096,0.010755318465885318,0.2535857125968521
1975-03-20 10:13:48,,,,,6.884968102191995,,,,,10,,,,
1975-03-20 10:14:29,-5.117476942572418,0.06021295074935105,0.011956437863364951,509568.2919875157,4.7855513473481,0.010593273608869637,11.087875626096993,268246.9952048738,270.2122534630091,1,-12.563854731746133,0.24547082093665903,0.036009652203823725,0.18732924151619948
1975-03-20 10:15:10,,,,,8.24503926118788,,,,,3,,,,
1975-03-20 10:15:50,,,,,8.863931397216113,,,,,3,,,,
1975-03-20 10:16:31,,,,,8.147990399351913,,,,,3,,,,
1975-03-20 10:17:11,,,,,10.262128544465886,,,,,3,,,,
1975-03-20 10:17:52,,,,,12.91851463130039,,,,,3,,,,
1975-03-20 10:18:32,,,,,6.550969282592925,,,,,3,,,,
1975-03-20 10:19:13,,,,,5.370226979594719,,,,,3,,,,
1975-03-20 10:19:53,,,,,10.213933067259386,,,,,3,,,,
1975-03-20 10:20:34,,,,,8.997851341508305,,,,,3,,,,
1975-03-20 10:21:14,,,,,9.444263184747731,,,,,3,,,,
1975-03-20 10:21:55,,,,,5.292019686679184,,,,,3,,,,
1975-03-20 10:22:35,,,,,10.5873919256762,,,,,10,,,,
1975-03-20 10:23:16,,,,,8.678807899678494,,,,,3,,,,
1975-03-20 10:23:56,,,,,9.337430409978795,,,,,3,,,,
1975-03-20 10:25:18,-6.509501354885229,0.06005885106233641,0.014303301841251339,261754.98142103615,4.830785360495414,0.019652433880062187,8.920337718339365,280698.4920266809,276.2461566335054,1,-16.121617517270906,0.25069160799345586,0.022547800043409557,0.1790941454326186
1975-03-20 10:25:58,-6.425250735346512,0.03794767515864993,0.0070164274101358086,597874.093436848,2.8837370877829214,0.014265147522512714,13.174264683673982,264167.6177632262,263.8429805357516,1,-1.4856934876142276,0.1897952409200252,0.028835451220019497,0.13481892353833155
1975-03-20 10:26:38,-2.7182918993002025,0.05962425746812383,0.013141587965483339,305850.0007514292,12.03539007047693,0.027576098236457132,11.095905851923664,198489.8315754047,266.6207804240969,1,-11.231219649073488,0.38910118978955816,0.05645599195676488,0.41623915204458745
1975-03-20 10:27:19,-2.5443884326068185,0.09250322614387511,0.02012705850671378,203454.6304796358,4.79510495885256,0.07591380236987735,4.527438572402355,202929.36583389912,286.236099630368,1,-15.741439289404568,0.48901767505298976,0.04466353372315034,0.4148679663280788
1975-03-20 10:28:00,,,,,5.830597443006523,,,,,3,,,,
1975-03-20 10:28:40,-1.274973678743965,0.13045019686201761,0.024762181491638394,210362.16438429308,4.772332863871569,0.0442030494375608,4.06846652615916,256505.74662971075,284.4005210660424,1,-19.91044166942602,0.414009817763917,0.036393586530989785,0.35002208652578387
1975-03-20 10:29:20,,,,,8.55127617275614,,,,,3,,,,
1975-03-20 10:30:01,-5.5316137946260024,0.11220111107682215,0.018092006393225248,358515.7006806847,3.804192134391347,0.32415393542277326,5.677715998974486,191236.0552890517,276.2021713840529,1,-10.045470253649164,0.6330954653488063,0.0996768992117431,0.6815004306566358
1975-03-20 10:30:42,,,,,6.600332324386535,,,,,3,,,,
1975-03-20 10:31:22,,,,,5.883061920467266,,,,,3,,,,
1975-03-20 10:32:02,6.719910411381212,0.13894087778741018,0.040811119293168406,231721.09948220823,6.682387564885525,0.6155197722517873,5.138238741243328,457451.6759737625,286.6686293747082,1,-25.58554050388023,0.36789730711666907,0.03552200149025663,0.38986372487745563
1975-03-20 10:32:43,,,,,7.585438285212935,,,,,3,,,,
1975-03-20 10:33:23,-2.210914997922488,0.05171552691681115,0.01251734734670029,150502.8409406657,5.2224489799192,0.03955860198126154,5.481529588581244,245611.50842825195,285.9454562393322,1,-22.952059430467912,0.18420824880662945,0.008418750255193157,0.10779485173072234
1975-03-20 10:34:04,-7.040002025394065,0.037762318007577476,0.011718655666914055,323783.7297310359,3.897921330329977,0.010092340660282792,7.9770885618967196,265606.5313961299,280.04120275698716,1,-13.669857288828297,0.1385766525503611,0.008371943858294099,0.08018371921541151
1975-03-20 10:34:44,,,,,9.416222686522715,,,,,3,,,,
1975-03-20 10:35:25,-7.893205501220759,0.09048859482030915,0.02996907002843133,300137.5974733047,5.112042775998868,0.018453469475747174,10.189753828997487,265415.2407111739,274.9648410058293,1,-11.798858388252583,0.34817225952007347,0.04961294548732761,0.4050193963408806
1975-03-20 10:36:05,,,,,8.459136672583433,,,,,3,,,,
1975-03-20 10:36:46,-1.5874115083067002,0.07554526211338285,0.018668638249394905,174845.59939931633,6.940077015641748,0.01804291133810636,5.617035361455345,249916.36489674155,284.9193216888026,1,-17.4640815199974,0.2591089401660017,0.02205053363342301,0.24126865140502493
1975-03-20 10:37:26,,,,,8.498048466725088,,,,,3,,,,
1975-03-20 10:38:07,,,,,9.666387770813937,,,,,3,,,,
1975-03-20 10:38:47,,,,,5.032672616113328,,,,,10,,,,
1975-03-20 10:39:28,0.14638808051800772,0.07869977667537317,0.028405049203821208,192207.67964887735,4.10034472508959,0.09863737150629318,5.6952687674311395,425437.03604282084,289.37262038711043,1,-19.769679483916896,0.3011137611147773,0.020217546175451802,0.20870764297969382
1975-03-20 10:40:08,,,,,3.937333018408719,,,,,10,,,,
1975-03-20 10:40:49,,,,,4.29026476453488,,,,,10,,,,
1975-03-20 10:41:29,,,,,7.791959889455663,,,,,3,,,,
1975-03-20 10:42:10,,,,,6.9733383035413965,,,,,3,,,,
1975-03-20 10:42:50,-0.7929361943980917,0.0569677004442299,0.008998839823109768,365229.23014352337,3.262329047054946,0.013211194511487253,5.059099072869458,176684.63570262757,288.05010237867157,1,-25.09479468669204,0.22248437254648837,0.013793405466577658,0.12657853921990214
1975-03-20 10:43:31,-5.024460967535254,0.05091595943450398,0.010007515240497821,485989.0431758872,3.354684616621557,0.01221667380325989,7.2163351108437785,201078.74705235809,280.12937476747277,1,-15.94278177420118,0.18528351659407902,0.013999765772777843,0.10726911730708907
1975-03-20 10:44:11,-1.1144934333314453,0.04568597551852481,0.008522301757815891,555246.2796521777,2.462151225266199,0.018422555139133868,7.59460313845177,154363.8008956892,284.7880812887894,1,-20.205735965754066,0.1359455827099475,0.007340805290820834,0.083505624363358
1975-03-20 10:44:52,-4.559844712902725,0.0519472648514377,0.00997908758959829,725389.8465850315,2.8725224402519727,0.02313995371092783,8.95353371425206,207674.61003091504,272.95131613439725,1,-12.624417318625717,0.24282361804044233,0.028265554704569623,0.14187004260219285
1975-03-20 10:45:33,-6.0091777837847475,0.04306619400307441,0.00727269447297427,902118.6466389191,3.00113704201883,0.02304240911357842,10.50425010493843,188719.99418477665,267.5593843391876,1,-8.754124746629259,0.19203522668318732,0.0234455284129274,0.10978723400107403
1975-03-20 10:46:13,-5.6167171751781275,0.06791344694965588,0.009627770002082009,456553.7489082393,4.025640688667604,0.021074281753101737,6.114352431654788,173322.89250947462,281.63237717185336,1,-18.045079180162077,0.22023148371991688,0.015381600898646175,0.13039985046391186
1975-03-20 10:46:53,-5.2363772375157165,0.05459073261467374,0.02720382922851389,808124.1058143211,5.635884839064957,0.009223805298651036,9.586679502233883,191496.1929658126,266.384425882069,1,-8.874120373620812,0.23476839176433884,0.028212375025977766,0.13590386454482356
1975-03-20 10:47:34,-8.86024521372528,0.12131539774707605,0.11419668966583074,655250.7285165467,4.840796826353573,0.016078986768150533,6.814272025369018,184966.23927977824,269.4849354178632,1,-11.101090204239803,0.7834239615228662,0.1703450379890806,0.7968457146208464
1975-03-20 10:48:15,,,,,7.8842217775694365,,,,,9,,,,
1975-03-20 10:48:55,,,,,2.202704464721264,,,,,9,,,,
1975-03-20 10:49:35,-4.957450754525453,0.050456403265834344,0.013936623023710104,934831.3081948756,2.0360123530458143,0.012028040458703263,9.955668906896022,190344.46165276188,261.746691168042,1,-5.971792101292955,0.25484248311081953,0.036297302934440286,0.15015919798970692
1975-03-20 10:50:16,-10.896803926520615,0.06211258488384304,0.017787722040563596,686991.9648512579,4.167713742696386,0.009586452036960588,7.617987484735184,168668.59059689182,271.8815809352829,1,-8.528953199938002,0.30402540746003787,0.03735581165642058,0.18080644011965588
1975-03-20 10:50:57,-6.607529218388608,0.06113699149195828,0.025977188897895617,924408.2446110938,3.993906816813376,0.010734573797085319,9.670153747447582,191543.95140251832,267.0720534718292,1,-9.199590038372861,0.2661235176803689,0.03329493767815241,0.15299716239909303
1975-03-20 10:51:37,-8.868099902330263,0.07746181731415779,0.05778723110203521,548522.7940953098,2.689427190661796,0.010277705883653692,6.383226617095422,181984.71584488175,275.2649780779595,1,-11.325676336354832,0.32887278913467594,0.03272690858105802,0.1915397540328514
1975-03-20 10:52:17,-6.601833014186456,0.0586974226261901,0.02718043099182033,662404.1286597488,3.0463116703882998,0.006748515258572993,7.468718982048546,157743.6581395108,278.5491187992425,1,-16.163344845574095,0.17891702711199658,0.013432755923147804,0.10802218218841493
1975-03-20 10:52:58,-26.651744423977156,0.1257508878363068,0.15232948422938028,303329.58853355487,3.3740419401393416,0.01676871560729067,5.160074902280915,135204.32005791942,282.8497750594219,1,-13.218096421259382,0.8140451438420244,0.0958332093888712,0.6752811664746641
1975-03-20 10:53:39,-14.741205168242438,0.05425979818931891,0.04998608817285931,287578.63196231984,1.847705043784607,0.006727339295899932,4.759273763757444,162078.27711664792,293.58667412319295,1,-25.719546394246812,0.16201924635445786,0.007102652418370952,0.09865246569597629
1975-03-20 10:54:19,-16.965776347322652,0.06930065767689302,0.06389648816844762,404249.9024813687,1.5355759148375645,0.006382976401732747,5.740282362697341,165858.77628083402,286.9682244373802,1,-21.79509839367418,0.16717698566510344,0.009031229575728114,0.10978210827246804
1975-03-20 10:54:59,-14.752343092920668,0.06044654439697654,0.029449530432823535,262356.45272618195,2.7753789118684553,0.0067977234160548515,4.739721489717461,165780.67003920022,293.280976399102,1,-30.116674312820116,0.16513382798767698,0.00644655939152725,0.10317725039861747
1975-03-20 10:55:40,-19.644860626319243,0.07790990965936508,0.03734750065156005,500061.8268000639,3.0356838506897663,0.009008696100943939,5.675623402266061,185486.03654329083,290.38048481102356,1,-17.72759694203539,0.2146452829084973,0.012121254709083278,0.13381945345288812
1975-03-20 10:56:21,-7.8774238028383,0.061945308581557425,0.0116897010239433,255484.2095416014,4.933404589626221,0.007552738975796381,4.332964296832765,184028.3838135526,294.36753403001467,1,-35.29333688696942,0.13682029594315737,0.004878994847095004,0.09315493233391799
1975-03-20 10:57:41,-3.301451455312225,0.10921180884123838,0.02000794132753464,149834.56593962896,3.5762379434910763,0.01813407454166673,2.7910190785827984,239861.59338728356,295.46933287208503,1,-44.28881396683141,0.2919116750372679,0.015727863199832215,0.19912645708516716
1975-03-20 10:58:22,0.2535365159476681,0.07050855984897249,0.014007792145832365,353794.1251046741,2.3642763996580825,0.010409770263820513,5.214908069719622,234718.75682556318,284.8262278037157,1,-32.271687093545886,0.24690211859275474,0.022868178470943613,0.1618354210985173
1975-03-20 10:59:03,4.1053396916389655,0.1193673054737034,0.02413511223883041,235833.58536255796,4.045935238986351,0.021178086119340467,4.503636615699091,271104.99573038745,287.41374374856156,1,-40.647458203546236,0.3032408656975746,0.028046801656868396,0.26846039386114173
1975-03-20 10:59:43,,,,,4.582397189249901,,,,,3,,,,
1975-03-20 11:00:23,5.681273579252569,0.10720641104553089,0.016693788634435328,140077.3878562784,4.169577715880018,0.01739145256865956,2.6997623675601097,176683.28203367465,293.3263924781918,1,-45.20667156359852,0.2601424775385209,0.01674329924104551,0.20750035724817328
1975-03-20 11:01:04,-26.442053789110073,0.11929200094929736,0.02297052814708507,847381.1073173586,3.493001585531242,0.019429711945836828,6.289514329378765,946663.3196160323,340.26935803979205,1,87.90868115441421,0.395254638261586,0.15843068194234788,0.2760600483517005
1975-03-20 11:01:45,-60.157886860821066,0.21933744942311567,0.03335367683739498,332535.9474689903,4.05702773336095,0.062159030466272365,6.885123125482267,2013162.9282986308,318.2076955757973,1,42.03118276117985,0.13151461475766177,0.018093137848040432,0.19443193115382168
1975-03-20 11:02:25,,,,,2.071462473286532,,,,,3,,,,
1975-03-20 11:03:05,-47.93169501248315,0.2408401823349361,0.04817712682814476,268580.0887685063,3.213161907418409,0.07325992606106584,5.404614084345555,1485713.2534285076,312.8255768221058,1,41.510424877947244,0.17853622912245778,0.016710093767663668,0.24997335082115602
1975-03-20 11:03:46,-41.5512178219874,0.2342285608386934,0.05099498588961666,230165.37284793795,3.6460834661043315,0.05059354699947036,5.0311149974982445,1482447.6781524976,324.44197304101795,1,52.97764305717755,0.17360549347696255,0.021561132136824073,0.23418212934684238
1975-03-20 11:04:27,-41.24768036477489,0.12710717176170766,0.021636085982343668,300310.90289093653,2.123749562466607,0.019114887021275683,4.246820433010902,1052591.593278444,340.88139154000623,1,58.135836057436094,0.13494243946464654,0.018244072698165293,0.13015310535747124
1975-03-20 11:05:07,-29.072846678917923,0.14621341110635472,0.032236124661424566,298268.8091813505,3.5640255275448953,0.027767514205070298,4.201421923577196,966101.9083824456,335.24156584433206,1,61.291107983910145,0.23170712242292368,0.032364099502878545,0.1952987002356639
1975-03-20 11:05:47,-24.889556328045526,0.16912789587184882,0.053997187178665994,425033.5000396657,2.827760255035809,0.04472944241693479,5.003102073381646,1357163.9955965397,327.87891412327616,1,59.202159456018514,0.19906665404049126,0.03221788463497776,0.2534860047893973
1975-03-20 11:06:28,-50.40704565713097,0.1986690444167706,0.029841308555884218,147665.9906019389,2.6247970554201565,0.0323545618819053,2.5030245441769723,1021606.1090272231,341.6540106861004,1,53.269057982376346,0.1958087496958397,0.014041835141443335,0.2072963105381795
1975-03-20 11:07:09,,,,,3.574019776788689,,,,,9,,,,
1975-03-20 11:07:49,-33.93357278628838,0.130410246232684,0.024726103169791975,727571.1004456301,3.4610895454856525,0.01743476792778387,4.781559030528158,1064451.544533714,355.44579138567065,1,81.47790144032737,0.37618512084386496,0.14997085662565718,0.23236587393353825
1975-03-20 11:08:29,-41.62425429991612,0.19304576110869817,0.03603807695195784,269752.5854551161,3.4165958235083798,0.03979859323533049,4.657957964059931,1367941.8932613337,329.20457384805127,1,54.145383142617106,0.16557000203588515,0.01912642263901828,0.19087242375066776
1975-03-20 11:09:10,-31.63513528471636,0.1938975193008053,0.043267789817716146,341293.3277720643,3.0547698124567066,0.0331342219972543,4.790421213702772,1531972.9122677278,340.7973228546207,1,64.5103668853298,0.22207401469801225,0.03787819029644809,0.199614152692491
1975-03-20 11:09:51,-45.69167987455218,0.1467702590706027,0.03290348920696356,272542.8629629036,2.7772511205015413,0.03091533616149511,4.336029585094418,1179284.6986989467,338.45856198810225,1,55.478852469073935,0.1205320298942059,0.029098260425947032,0.17000262626758153
1975-03-20 11:10:31,-98.09522611360562,0.2130696694252608,0.02882873096846815,230337.5147990045,1.340437496240578,0.026371890461173397,4.831738642882158,1244642.2068097894,360.7416729294086,1,31.75098080369435,0.12867269277398105,0.19954004327656907,0.1758273630813784
1975-03-20 11:11:11,-102.30489205277914,0.30818798886326526,0.04739088683954547,273438.11973983445,0.9325601636948838,0.052147453637207235,5.597868471321893,2017546.2819485373,367.2448572983963,1,23.30623187828077,0.16590749870782062,0.1515912175554675,0.25155059573099675
1975-03-20 11:11:52,-124.39578092192373,0.16465247808976652,0.44964350424835287,366419.7219385158,0.1668444705531768,0.023362127028873775,5.6047077873181514,1382872.6036582815,371.37835289750444,1,-21.76566809170449,0.17531138345114472,0.035025073710433355,0.1963096335624111
1975-03-20 11:12:33,,,,,0.6840816921491698,,,,,10,,,,
1975-03-20 11:13:13,-75.11475872341327,0.2585999461927907,0.210714935713904,419042.703143414,0.75613518575397,0.06970140428383396,6.813893109802645,1802583.8807969978,346.7475029164013,1,49.745232438037036,0.16748640879638474,0.024388454879641124,0.3443921233316033
1975-03-20 11:13:53,-56.21286348436943,0.17643128563186128,0.1070719963241599,446778.30221491854,2.832351421802542,0.028928955675079325,4.032603130511666,1845195.008915606,382.8720409589381,1,53.05758228907225,0.14984951328234486,0.02622304376187138,0.16799976016803175
1975-03-20 11:14:34,-96.1109227605288,0.20505983758828955,0.45080411450731744,435053.93606546824,1.8111507084888738,0.03177475781758455,4.183541092415548,1742465.1816587548,379.9171097225643,1,29.764799952673584,0.11878863588927631,0.019541925305220045,0.1830876739480458
1975-03-20 11:15:15,-62.584175721631716,0.16006267120248988,0.056180443380844186,405131.49342079303,0.8935246449903533,0.022323229072818522,3.8315315337211255,1734380.0122114916,388.89564144120703,1,52.956391417881704,0.12380768783689834,0.015214124263417356,0.14526063745414103
1975-03-20 11:15:55,-37.08431354833316,0.13292685722855643,0.04326459133892954,239366.47870163684,1.084477090823907,0.018852271486167433,3.26981151654318,1717118.6098727682,388.6321120816037,1,63.19799068942793,0.14083828745590732,0.011475028201048676,0.13355434476445993
1975-03-20 11:16:36,-42.40095478837746,0.09793689295006826,0.10807109199241813,355596.59281697206,0.6344262209791086,0.011752940163495979,2.868681602999493,1041561.2694681596,395.955173693188,1,58.85923459174235,0.09973745555695523,0.025155706764933512,0.10128809367964352
1975-03-20 11:17:16,-56.23356853075678,0.13743591673686475,0.06935921573469539,288791.129042489,2.0408881016841525,0.01681180205916009,3.2977986042856844,1412687.2766445484,381.6150190925363,1,58.883833060928865,0.11793677092820949,0.048860115954509266,0.12632695082576909
1975-03-20 11:17:57,-67.18572404112979,0.1830740449345382,0.03523180791639853,306348.4438693177,2.133400778376211,0.024474421668696674,2.8289111481129656,1491334.070057603,368.2545882116026,1,48.47862855343223,0.14178347607953778,0.18409279428760486,0.1639222079930806
1975-03-20 11:18:37,,,,,2.2162687469780344,,,,,10,,,,
1975-03-20 11:19:18,-26.973764631762997,0.15851130662674678,0.35301397075455854,424226.2887176513,4.548477403409456,0.02886325267283677,4.033443285952278,1440522.7077937578,375.9266562997893,1,60.43538027361661,0.14601392233697072,0.06263345363594894,0.17352423027507366
1975-03-20 11:19:58,-54.921684500139406,0.17188232194197522,0.07950395585108357,413804.56171629817,1.8671361897403447,0.018855289267492272,3.878738260750304,1694883.808998844,393.81071671513763,1,55.49575850854022,0.1597812578747105,0.020674632445907542,0.1619209233522042
1975-03-20 11:20:39,-50.055796464616876,0.13104969643321351,0.22179757436126496,337537.4173647497,2.854680674050937,0.017763236260375178,3.595491696072028,1560976.896233369,369.2867932770264,1,59.31205139377434,0.10743924325970514,0.03622588300840923,0.12045627970510533
1975-03-20 11:21:19,,,,,11.055668080529166,,,,,10,,,,
1975-03-20 11:22:00,-45.178430276585225,0.17182188877607846,0.16023579673547475,301504.05895746563,4.233026630871042,0.034545533294442266,3.716118942226847,1394493.291949218,364.41678108637467,1,62.27844645723808,0.13668970240942355,0.09260978526337708,0.19903570301547766
1975-03-20 11:22:40,,,,,11.19171193571512,,,,,10,,,,
1975-03-20 11:23:21,40.20566136447647,0.1299085522574141,0.0698159286510273,329111.3431431746,1.5616537058807403,0.021918375815227972,2.681939611056413,1047827.4648072704,376.2116325117806,1,50.03901960493404,0.12629754208118713,0.41158527739080514,0.1531532389580812
1975-03-20 11:24:01,,,,,10.102521820189905,,,,,10,,,,
1975-03-20 11:24:42,-21.492719803185416,0.13067457182943845,0.24439143140549374,329604.64321532275,1.70264152232457,0.023630435099415373,3.6742031199360725,1521324.3324097204,377.6606566911524,1,55.87228557553934,0.11258724187705049,0.05690059041095468,0.13900312384664915
1975-03-20 11:25:22,-63.08901533711819,0.239867100718908,0.09172714258896952,281116.33558990515,1.1576882467622447,0.03799949355458203,3.8659136542101127,1541439.0016053112,361.2034131327668,1,53.56790352255247,0.14372268359509094,0.05092275864288824,0.20744752091100566
1975-03-20 11:26:03,,,,,0.8715851900782058,,,,,9,,,,
1975-03-20 11:26:43,-87.82092048557628,0.2847820715602583,0.4140653586130805,305503.9332129039,0.1885852373827409,0.03817315765516479,4.255299876719716,1842334.5024280522,368.1524840491865,1,31.93515003699877,0.14986292022593012,0.03067969043958965,0.23254287220860154
1975-03-20 11:27:24,-70.95676904533207,0.1776838446608915,0.06935405602299015,258270.36376659828,1.7803447132990182,0.03338110081922906,3.1510855801716975,1579156.71174896,366.1425964116774,1,48.91488647876336,0.13879338589926862,0.051864673396558064,0.17868172882389713
1975-03-20 11:28:04,,,,,1.8450745714902754,,,,,9,,,,
1975-03-20 11:28:45,-58.74663371985489,0.1682831555062598,0.03584983975590618,208387.48105173078,1.4234391378803979,0.02774669304640596,2.9854011706172936,1217637.342768104,351.3901016210889,1,58.75106287364332,0.13146450991183808,0.2227144783531786,0.16209713726607952
1975-03-20 11:29:25,,,,,1.0914196609034947,,,,,9,,,,
1975-03-20 11:30:06,,,,,2.213148486061621,,,,,9,,,,
1975-03-20 11:30:46,,,,,11.199942410224777,,,,,10,,,,
1975-03-20 11:31:27,,,,,2.502486935541716,,,,,10,,,,
1975-03-20 11:32:07,,,,,1.846508484909851,,,,,9,,,,
1975-03-20 11:32:48,,,,,1.0546710848810945,,,,,10,,,,
1975-03-20 11:33:28,-59.993024470928965,0.3630021556107342,0.09308763016460225,316035.98955791607,1.7424128038415356,0.08781860332989316,4.553801400446662,2389023.504240016,339.7072915083323,1,58.7854643647817,0.1761658071439526,0.5872383909864852,0.32844619697811006
1975-03-20 11:34:09,-44.72605019068523,0.22488987968999127,0.044428304793586205,407620.9705717305,2.6001084691397645,0.03681520348795644,3.6427396245634855,1585948.6082116684,340.8411908640799,1,56.16939856188249,0.206102506999587,0.04536893637625925,0.21190468323643238
1975-03-20 11:34:49,-53.54050380823714,0.19097148007696035,0.07285297429024945,528454.7478452871,2.7097765422420075,0.04493259805910485,5.74780319318981,2042289.449402438,343.5745898174642,1,56.41501200467691,0.19425720289227705,0.9719740400002012,0.2070586134558822
1975-03-20 11:35:30,,,,,2.66137039294604,,,,,10,,,,
1975-03-20 11:36:10,-25.499623055662937,0.223964213027504,0.07685155646449311,369805.6986846498,1.1304427751197863,0.04760240482786362,5.087433997223163,1725454.8140992217,326.3319906330203,1,66.14409025510972,0.2742347376711028,0.08434751410135097,0.25292986003571605
1975-03-20 11:37:31,,,,,2.7105243392846026,,,,,3,,,,
1975-03-20 11:38:12,,,,,2.139784616665796,,,,,9,,,,
1975-03-20 11:38:52,,,,,3.7268149841040588,,,,,10,,,,
1975-03-20 11:39:33,,,,,4.020636423831621,,,,,3,,,,
1975-03-20 11:40:13,,,,,3.234694796176574,,,,,3,,,,
1975-03-20 11:40:54,,,,,3.5501555533214804,,,,,10,,,,
1975-03-20 11:41:34,,,,,2.543312254338161,,,,,3,,,,
1975-03-20 11:42:15,,,,,3.3539572599124927,,,,,10,,,,
1975-03-20 11:42:55,,,,,2.597329930980674,,,,,3,,,,
1975-03-20 11:43:36,,,,,4.015068034517879,,,,,9,,,,
1975-03-20 11:44:16,,,,,3.083294656932593,,,,,3,,,,
1975-03-20 11:44:57,,,,,5.196080744577126,,,,,10,,,,
1975-03-20 11:45:37,,,,,3.711846391083326,,,,,3,,,,
1975-03-20 11:46:18,,,,,6.571171123692681,,,,,3,,,,
1975-03-20 11:46:58,,,,,2.0368212252530493,,,,,10,,,,
1975-03-20 11:47:39,,,,,4.954291853968163,,,,,3,,,,
1975-03-20 11:48:19,,,,,6.191442309580005,,,,,3,,,,
1975-03-20 11:49:00,,,,,5.5965238976251275,,,,,3,,,,
1975-03-20 11:49:40,,,,,6.4500792806920355,,,,,3,,,,
1975-03-20 11:50:21,,,,,6.1742788018950385,,,,,3,,,,
1975-03-20 11:51:01,,,,,3.5754577306294744,,,,,3,,,,
1975-03-20 11:51:42,,,,,6.4871301518449105,,,,,3,,,,
1975-03-20 11:52:22,,,,,3.636332353857523,,,,,3,,,,
1975-03-20 11:53:03,,,,,4.202379666431265,,,,,3,,,,
1975-03-20 11:53:43,,,,,5.2583308606328565,,,,,3,,,,
1975-03-20 11:54:24,,,,,7.024078597349159,,,,,10,,,,
1975-03-20 11:55:04,,,,,5.261703190666917,,,,,3,,,,
1975-03-20 11:55:45,,,,,2.510036863607186,,,,,9,,,,
1975-03-20 11:56:25,,,,,6.696497123337718,,,,,3,,,,
1975-03-20 11:57:06,,,,,8.615109646596053,,,,,10,,,,
1975-03-20 11:57:46,,,,,5.250399552081049,,,,,3,,,,
1975-03-20 11:58:27,,,,,4.9794782787245895,,,,,3,,,,
1975-03-20 11:59:07,,,,,4.6070994421240385,,,,,3,,,,
1975-03-20 11:59:48,,,,,6.731292800008797,,,,,3,,,,
1975-03-20 12:00:28,-6.920614658549791,0.0866121811137268,0.03648648826468201,891246.9306139038,6.50412382739527,0.04537815817607212,8.2406524862436,887988.6972972589,276.479255460947,1,-13.181322296653377,0.46191217481683516,0.10252383793813917,0.4863858352998507
1975-03-20 12:01:09,-5.799464937065213,0.10821985809738766,0.040706076154977094,1504216.0342076079,6.3980741167616415,0.05369441923452613,5.874880673671169,1254804.2994135597,289.0560591946017,1,-12.405981777429751,0.4580571194056721,0.10745088686375033,0.38433863709956173
1975-03-20 12:01:49,,,,,5.256823114905897,,,,,3,,,,
1975-03-20 12:02:30,,,,,2.7498449031803176,,,,,3,,,,
1975-03-20 12:03:10,,,,,0.16755836846240135,,,,,9,,,,
1975-03-20 12:03:51,,,,,0.16730244441744363,,,,,3,,,,
1975-03-20 12:04:31,,,,,0.23394509543861486,,,,,3,,,,
1975-03-20 12:05:12,-74.73580768450526,0.3647664394175877,0.04817303928068348,269789.3199484262,3.9448735503270234,0.08881704621760267,3.0251549089825245,1366812.8773993517,329.94698755831035,1,45.006917006073316,0.1597577527774929,0.03157314529646649,0.3627192093389816
1975-03-20 12:05:52,,,,,18.59464575288301,,,,,10,,,,
1975-03-20 12:06:33,-24.88626692738852,0.10844807174365811,0.03577396592741692,303735.43800607347,2.2563319935433896,0.01997513529099227,3.969176057574715,1645945.4968415857,384.64911037791376,1,59.43314012680715,0.09505752230650408,0.011431053883046294,0.1110743855749558
1975-03-20 12:07:13,,,,,23.7019474029001,,,,,10,,,,
1975-03-20 12:07:54,,,,,5.232125547560228,,,,,10,,,,
1975-03-20 12:08:34,,,,,3.364107789139171,,,,,3,,,,
1975-03-20 12:09:15,,,,,4.7614515594625,,,,,3,,,,
1975-03-20 12:09:55,,,,,3.625568344050567,,,,,3,,,,
1975-03-20 12:10:36,-31.222441874411235,0.164425188116131,0.046822896113541936,377852.7214427968,3.2714505214053076,0.035132082331448204,3.304563350858532,1574298.105816892,345.5872974979915,1,57.22147337472988,0.15905584729424457,0.02803687598664535,0.18171437086801884
1975-03-20 12:11:16,,,,,16.342164347790874,,,,,10,,,,
1975-03-20 12:11:57,,,,,3.693362120131383,,,,,10,,,,
1975-03-20 12:12:37,,,,,2.874803827914202,,,,,3,,,,
1975-03-20 12:13:18,,,,,5.95020569138232,,,,,9,,,,
1975-03-20 12:13:58,,,,,2.304347769694092,,,,,3,,,,
1975-03-20 12:14:39,,,,,2.7671444729971393,,,,,9,,,,
1975-03-20 12:15:19,,,,,7.998114584633876,,,,,10,,,,
1975-03-20 12:16:00,-46.98802768001926,0.13215238101218738,0.20143742640487347,272170.0728900568,2.742379570717955,0.02430621634284232,3.5457465855224135,1335528.710776388,369.5904206375669,1,62.56957120560452,0.10270009948016479,0.04380294016367569,0.14482949507204193
1975-03-20 12:16:40,,,,,15.017185863539407,,,,,10,,,,
1975-03-20 12:17:21,-23.868646568184893,0.14753625569347922,0.07125834564749439,307084.74130723707,4.155382464542686,0.018721934822161786,3.2272028310434715,1300683.1490544982,351.22117376591376,1,66.7856442441528,0.17581818636376326,0.07798595187905313,0.15547629120458897
1975-03-20 12:18:01,,,,,9.524724822308468,,,,,10,,,,
1975-03-20 12:18:42,-20.12537361101773,0.15087245325836804,0.08762474833816011,312514.15256816335,2.003456897558274,0.023844187894513775,2.946938799261188,1331626.2674009963,362.00918098389525,1,63.1413439860055,0.16675199111440817,0.09094789018476523,0.1616765474576094
1975-03-20 12:19:22,-41.519068384078615,0.18689703246215653,0.04885799198390689,232691.11020306745,1.0053877917756078,0.04481693177367181,4.0784681520364545,1519859.7546761509,320.15854179033283,1,57.55623851341487,0.2183361659064864,0.04441826878579363,0.2267572439416754
1975-03-20 12:20:03,-48.46136052320948,0.20842108323137734,0.03744050385380758,313463.21159607853,3.1203978966771033,0.03500997529510122,3.3320771878721884,1538635.2051811598,340.2862365183429,1,61.85518097688909,0.19180466605207364,0.025152836193549567,0.1971419587009523
1975-03-20 12:20:43,,,,,1.3762403433583181,,,,,3,,,,
1975-03-20 12:21:24,,,,,3.6223301115726274,,,,,3,,,,
1975-03-20 12:22:04,,,,,20.14471232609079,,,,,10,,,,
1975-03-20 12:22:45,-62.18926255627085,0.21620824944377195,0.04210001250271763,340448.43444036983,2.137639286346911,0.032013570395747655,2.801450406273929,1137567.3489889791,354.35052502358093,1,57.608938471352175,0.15265916176283195,0.06991527483406286,0.19537893480748292
1975-03-20 12:23:25,,,,,12.203189110580334,,,,,10,,,,
1975-03-20 12:24:06,-19.078287705413207,0.14137638473583844,0.0819526334501136,305591.34459155897,2.0490670161187725,0.02688155384048747,3.6338919647872747,1581650.8703482784,377.3294047099342,1,61.719168982529546,0.11423265375874035,0.02888845255341206,0.15074650948845283
1975-03-20 12:24:46,,,,,8.763178084895944,,,,,10,,,,
1975-03-20 12:25:27,,,,,5.724068901290373,,,,,3,,,,
1975-03-20 12:26:07,,,,,4.935654962671742,,,,,3,,,,
1975-03-20 12:26:48,,,,,6.492828919258932,,,,,3,,,,
1975-03-20 12:27:28,-7.013268971518009,0.09548775637518774,0.01587487364062303,919140.8705278523,2.5516714724049727,0.025400668378979304,4.242221307499532,298167.8222470399,285.88819863764064,1,-25.795875357395815,0.44686563178349265,0.06074603195771632,0.2683309305927363
1975-03-20 12:28:09,,,,,2.775489199236567,,,,,3,,,,
1975-03-20 12:28:49,,,,,2.9906223785364947,,,,,10,,,,
1975-03-20 12:29:30,-3.228211471601415,0.0961415042013763,0.012677197094136906,318760.83959562465,1.9903207173199382,0.016591665067854713,1.8256759632059394,218391.9108910581,309.9051591054777,1,-58.17360832851607,0.223540970778962,0.008678156796573463,0.15148564830076175
1975-03-20 12:30:10,-5.32214416095586,0.07172431360250059,0.010358007103825935,511094.01450584165,2.6571824136218245,0.019473982738992954,2.7612617938939006,229249.52545883902,303.2350809741189,1,-44.89568270400037,0.20124120754713898,0.010829032508647527,0.12466214588892238
1975-03-20 12:30:51,,,,,2.0993087376520845,,,,,10,,,,
1975-03-20 12:31:31,-6.380219596692473,0.10209230421390152,0.017098568173945738,503808.2015072914,2.2158340048471556,0.02178408206742749,4.405152214082636,233905.49094413928,274.9139227579212,1,-24.860408366442947,0.5138493450391766,0.07956530305939588,0.42663413401241307
1975-03-20 12:32:12,0.8136530527136143,0.09060000517824436,0.015423584070451723,305972.16187969723,2.662809315486313,0.01712288022453198,2.1679030966067723,207039.44377274317,297.9448293032911,1,-56.14048004524435,0.3369713493044798,0.019377483965014184,0.19429301158494067
1975-03-20 12:32:52,,,,,2.2148665347435506,,,,,3,,,,
1975-03-20 12:33:33,-3.911452934543701,0.11618088826977734,0.018135893766789764,288894.43181660725,2.262723534557457,0.0172125293618205,1.8117088300445343,215985.12665979035,294.72358732620916,1,-60.79781678318416,0.36254774600728923,0.021338001365187834,0.21851588571993139
1975-03-20 12:34:13,-5.285247464329385,0.11322506220190337,0.01549724057831294,586620.8869186885,1.5143763791779992,0.013024376545018502,2.778783434609495,210018.34549702733,291.7525889587487,1,-52.989317026350975,0.34412679168029264,0.02625256223173529,0.2076314935073855
1975-03-20 12:34:54,-6.033378844762909,0.12316642093682431,0.015433220959275913,251023.74720683874,2.657528700039191,0.012464802412893905,1.8354800331072707,225560.8455105402,300.96786588977875,1,-65.31378672269776,0.23329210459175406,0.010330954410685659,0.16590730808545207
1975-03-20 12:35:34,,,,,2.1828349305082235,,,,,3,,,,
1975-03-20 12:36:15,,,,,4.384620301481711,,,,,3,,,,
1975-03-20 12:36:55,-18.678118441404177,0.11960901081475359,0.019905352009337417,613154.5923512905,2.174571425476102,0.014459763601895945,2.344044839262534,235090.26062701872,301.1788726952326,1,-48.962334531500474,0.3053987551597921,0.01985685570834477,0.1956350723795448
1975-03-20 12:37:36,,,,,3.0556968359812675,,,,,3,,,,
1975-03-20 12:38:16,,,,,2.572527855564509,,,,,3,,,,
1975-03-20 12:38:57,-13.875840739988373,0.10593982326447832,0.02486464650295296,764382.7080280746,2.2245982834103817,0.022404708782568086,5.368956071268476,251804.42638452322,269.89228972785895,1,-31.854080251690995,0.8776068654147138,0.18958064799405513,0.8804755219836046
1975-03-20 12:39:37,-18.653645127466707,0.1006336288755289,0.019650242740873,388523.2441037938,2.8136518025641175,0.012729653542390505,3.269551723773199,256254.9499535076,287.94878729152435,1,-33.24727640147882,0.2712451258478017,0.023476605848660025,0.17767679343960016
1975-03-20 12:40:18,,,,,3.931034091423019,,,,,3,,,,
1975-03-20 12:40:58,,,,,3.5424843632164977,,,,,3,,,,
1975-03-20 12:41:39,,,,,3.1185609028555428,,,,,3,,,,
1975-03-20 12:42:19,,,,,4.780683477297115,,,,,3,,,,
1975-03-20 12:43:00,,,,,2.910568255182794,,,,,3,,,,
1975-03-20 12:43:40,,,,,3.2301613543199315,,,,,3,,,,
1975-03-20 12:44:21,,,,,4.08348692888016,,,,,3,,,,
1975-03-20 12:45:01,,,,,2.0035628019118503,,,,,3,,,,
1975-03-20 12:45:42,-25.560503841658814,0.1304053966967261,0.04528661741915872,188764.1005941047,2.9596413684373166,0.022514705246098988,3.0132827994020204,439084.970628007,288.0874743260592,1,-63.37255893280306,0.2190203257405504,0.011176883858747785,0.17125699469788674
1975-03-20 12:46:22,,,,,2.5791795327797713,,,,,3,,,,
1975-03-20 12:47:03,-24.898483717411395,0.13063720153693134,0.039922282583852775,382033.28244662023,3.404214802156127,0.02654839664040848,3.8343174666506186,402744.28324726183,278.9268069947736,1,-61.73979680864868,0.3900572213656227,0.03671211043324926,0.27696914348547264
1975-03-20 12:47:43,-22.792309181019117,0.10754753706588854,0.02754115413595029,393748.3642432154,2.1274306632682394,0.015589156946289616,3.2918361885302194,408014.78002615005,287.8053444396618,1,-57.12961977673952,0.2210017386612611,0.013878882451827373,0.15272811132260425
1975-03-20 12:48:24,-31.58470248228058,0.14000911782573103,0.03492088996889153,392903.8958959858,3.0844495038119684,0.024897504281876807,3.330126670189669,413622.2534110134,283.218143560346,1,-55.53850826439575,0.34638717744769026,0.031229855581823045,0.24786999898385423
1975-03-20 12:49:04,,,,,3.6346005230756733,,,,,3,,,,
1975-03-20 12:49:45,-25.951269723493716,0.1264819637904582,0.031189566220547794,370234.10486779956,3.224225906240662,0.01966385765351416,3.088642270234428,352198.0461591824,288.4303287379933,1,-55.34691794472253,0.3287685921895273,0.026172672340514184,0.22042959791067326
1975-03-20 12:50:25,-26.893633969092413,0.12027126056675232,0.0296671378131696,620182.9915996881,1.6744714888871475,0.01884624617841142,4.840419930575076,360762.96837584884,273.5140378366751,1,-44.3176051365043,0.38396978242630053,0.049550114971966625,0.26143385567077443
1975-03-20 12:51:46,-23.447409397268604,0.1491635050386883,0.032996004469678,497226.8786752972,2.857718054175034,0.018457289155612833,2.693548664625562,258236.46165924307,279.7550908797187,1,-44.89015325258736,0.4504924959789526,0.049743764689846606,0.2957864476231599
1975-03-20 12:52:27,14.156348740281317,0.29101174532968616,0.05303730590812958,1382541.8374760614,5.486623999675722,0.03973580388308416,1.6214552773847386,511553.45202158875,347.8133463532727,1,66.00562225199658,0.63880133051428,0.16942078107632083,0.49748712755343344
1975-03-20 12:53:07,,,,,1.6208016191567154,,,,,3,,,,
1975-03-20 12:53:48,,,,,3.5014244246409305,,,,,3,,,,
1975-03-20 12:54:28,-19.989611109951323,0.13155939881109469,0.03516839509683586,329993.031882256,1.6599783024280392,0.01997129077032633,3.94242200616913,351290.88946434273,271.329443695819,1,-55.72363014889703,0.27358787532958306,0.025600481710584135,0.2137493327560666
1975-03-20 12:55:09,,,,,4.855136096440205,,,,,3,,,,
1975-03-20 12:55:49,,,,,4.07854203216891,,,,,3,,,,
1975-03-20 12:56:30,-20.68028916525084,0.06220030352275181,0.01612416372786284,273544.24355026055,6.202401643192928,0.013232351138327098,6.638266217818872,313876.43203614047,269.7284463996265,1,-30.458139700790312,0.19613142981369777,0.01807947093083063,0.14701420068793666
1975-03-20 12:57:10,,,,,5.374391138665761,,,,,3,,,,
1975-03-20 12:57:51,,,,,4.4048770921611,,,,,10,,,,
1975-03-20 12:58:31,,,,,8.470161111524718,,,,,3,,,,
1975-03-20 12:59:12,,,,,7.065642976176291,,,,,3,,,,
1975-03-20 12:59:52,,,,,6.245364633838731,,,,,3,,,,
1975-03-20 13:00:33,-26.635111912005552,0.07732376948786425,0.01848630318776052,567101.3645743743,2.977086868566999,0.01319989964541796,7.367447785668614,314802.0810478076,263.80469833167956,1,-35.762323238046456,0.27747417559051124,0.03862484199740181,0.19618215737079966
1975-03-20 13:01:13,-30.04045706431199,0.08694977477884748,0.02053172545684997,295372.56127058,2.78862402387539,0.015003120260910848,4.1112639618368,392085.3737092758,282.4157841258333,1,-55.344221220020756,0.19317596210621168,0.011736636574211685,0.1311309532290549
1975-03-20 13:01:54,-31.28929141147639,0.08474472911703539,0.026874124483334098,143358.34870935537,2.898590636668203,0.01629155429235123,3.244844866012237,375737.49326806626,286.4929487610456,1,-64.69835833662505,0.15748705972948057,0.007302218163884004,0.11955589792410967
1975-03-20 13:02:34,,,,,2.3605518238427656,,,,,3,,,,
1975-03-20 13:03:15,,,,,2.96917308741551,,,,,10,,,,
1975-03-20 13:03:55,,,,,2.6462842390046495,,,,,3,,,,
1975-03-20 13:04:36,,,,,3.8854457797525996,,,,,3,,,,
1975-03-20 13:05:16,-31.262467936258627,0.07817325920026014,0.018346227392583722,352865.32037312264,2.2428542566073304,0.009731820313739377,3.4705798855340575,224945.51318324704,282.20935889583916,1,-47.169926244621436,0.24499340612095707,0.019852332651766762,0.15371399778924308
1975-03-20 13:05:57,,,,,6.525892470576647,,,,,10,,,,
1975-03-20 13:06:37,-28.79403446694295,0.05864327043206436,0.014553600147181513,474344.2648273025,1.5251002037595816,0.007394883817762451,4.434459798029091,181029.3226202965,280.01328400015865,1,-37.68572797417868,0.2785149558640941,0.030889402568008668,0.17919391382798
1975-03-20 13:07:18,-29.443631854962668,0.06574598480362606,0.017751850047733667,676538.0041872556,3.7095503851567178,0.007305477739468729,4.9863180333413615,207615.99657147424,275.5385282555107,1,-31.489268760468633,0.24132272004999422,0.029393538530666816,0.14669278027840513
1975-03-20 13:07:58,-26.886955574753582,0.08013053479388424,0.021114114941024338,963170.6718042204,2.150169105702579,0.010783134007896154,8.846309043997755,199972.34698402294,256.88001660999845,1,-23.401391711320436,0.5970995398491062,0.1689513470449634,0.6166534488153528
1975-03-20 13:08:39,-28.390881469367066,0.06829193126706186,0.018345938366473507,417741.8471386443,3.3461377702216337,0.008751501555213068,3.6137859082920807,185948.60221759084,276.2426218985281,1,-43.730295175042016,0.25942923501210974,0.020119960946360014,0.15092811672047762
1975-03-20 13:09:19,-27.42407408141021,0.087455792439132,0.022808814369056216,578235.1737637514,3.4490364693905455,0.013370493844443344,4.796394384947385,218014.71406517806,271.7679391398977,1,-32.799916181648065,0.49173845588704035,0.07603878178515837,0.38063142552490664
1975-03-20 13:10:00,,,,,5.727523211358694,,,,,3,,,,
1975-03-20 13:10:40,-38.18214463367074,0.08141038634115731,0.023115120423244286,361509.6379894729,3.9594871180401316,0.012835951360393016,3.230089601439496,247103.1824387886,283.4529970181952,1,-52.38708219362614,0.2748372503606862,0.01860339565611709,0.16295809829758184
1975-03-20 13:11:21,-28.310676969997125,0.08278147123736596,0.024193579304999022,707231.1381244034,4.010087435945491,0.012120451287507982,5.052175305338793,276857.6475563855,281.89678996007046,1,-36.02370327624156,0.2763040409723471,0.026038813764185997,0.16361606779014887
1975-03-20 13:12:01,-27.50215521267825,0.07964975437228786,0.025670541436844243,253230.53980489998,3.5378176518125946,0.013485964506711424,2.6727248032918713,245226.8859012195,284.69342335299973,1,-40.19607890870548,0.2797929543071605,0.019289725212952517,0.17582354585003887
1975-03-20 13:12:42,-35.7108073514898,0.08121786343337047,0.020451540427534807,569068.8002069544,4.318005898248536,0.01224419635168529,4.62392116592612,264476.2982696328,275.14094263062714,1,-33.71955457055681,0.2959161066122269,0.029905414417220756,0.1781683908225722
1975-03-20 13:13:22,-35.78157858232204,0.08651154468397972,0.027162197701895617,723976.8283358837,11.05603614447436,0.011366337623633649,4.511729255650436,242650.85167268885,271.9632756154427,1,-39.56009063212203,0.401110941412001,0.06327460860619608,0.2726400151712246
1975-03-20 13:14:03,,,,,5.24654010701817,,,,,3,,,,
1975-03-20 13:14:43,,,,,3.1292062352688035,,,,,10,,,,
1975-03-20 13:15:24,-48.290526988150084,0.14838262829368715,0.5265654286008342,459355.6189679997,3.272228829384243,0.0264989481109587,4.531451785390804,428693.2196454157,275.48867718006363,1,-38.62252231396261,0.31469408764693635,0.0410342091357018,0.28333302243279423
1975-03-20 13:16:04,,,,,4.467732917541885,,,,,10,,,,
1975-03-20 13:16:45,-36.05511473159095,0.0778620357584082,0.027228547036125664,375943.6905216471,2.7120423938224376,0.01299623285306066,3.2287883440451295,188197.31425325587,283.2463767425052,1,-47.19403274839331,0.46116410810563985,0.052310779767204475,0.3431085765807773
1975-03-20 13:17:25,-42.05458301629172,0.07645170298872642,0.032419821485228796,327360.69656124414,1.6053440641254237,0.009839060601842824,2.6550400009607875,217411.50456756618,294.4079637928746,1,-49.01670923656837,0.1917578403387003,0.008531892732866078,0.1211099436250189
1975-03-20 13:18:06,-41.43233781023961,0.10565077122979559,0.02659564927433523,277260.2912373845,3.9430122117858675,0.01740414132177588,2.246284477833086,149038.14919889622,297.4302687546582,1,-41.63382817399352,0.15107796833876175,0.0048604339698498575,0.13415870006202663
1975-03-20 13:18:46,-30.856354169572914,0.09328188412806147,0.022809988377609506,458271.71983054874,2.229754021133519,0.016457214125619533,2.8942176180045296,221152.89357650987,302.7957441655772,1,-40.78323300971048,0.1781451296013311,0.007454403529178641,0.13342745128765693
1975-03-20 13:19:27,-25.418684681005324,0.07658492291141629,0.013454697196126991,196937.03106197104,4.150367746293737,0.01220686500124468,1.8616880128505295,137592.56805801185,301.7398561249321,1,-46.34870120070746,0.1139535879164352,0.0038191037105986653,0.10201153996647117
1975-03-20 13:20:07,-30.69167997296709,0.06981907894531891,0.02728908487505865,386287.89791979763,2.4722141992328934,0.009817248537732831,2.5767659165212398,134487.2349173,299.42790439179413,1,-44.037656799141985,0.1336211506835898,0.005217906635377131,0.09805448722862263
1975-03-20 13:20:48,-32.41600888856933,0.06977712681402538,0.014063830455327359,297074.69587644236,3.6139246415334427,0.006269064096567822,2.545370310882918,161450.03917218655,296.5661429706637,1,-47.56492907602321,0.11114225832918857,0.004127389988948266,0.09368552396022212
1975-03-20 13:21:28,-36.4878667902294,0.0891835951496875,0.013997684993231235,254664.8081132197,2.270438857459098,0.006653075121595289,2.2258215416292795,154905.08368350065,295.2184665317005,1,-54.67169714144209,0.1685201305388481,0.006242113017856165,0.126064683667844
1975-03-20 13:22:08,,,,,,,,,,7,,,,
1975-03-20 13:22:49,-33.373723406396635,0.07624729313598633,0.04416366077522521,550003.365282667,1.9116431649505765,0.011563775297679378,2.9939898691074034,193760.97113164433,295.2135732653387,1,-40.560036485241234,0.17321121376525542,0.008048735014286865,0.1187700858420928
1975-03-20 13:23:30,-34.1537999274725,0.06613176894186518,0.0661380227837749,420172.639222888,2.38547581836701,0.007873654402554726,2.944230057795523,165394.78209291428,298.5827089549617,1,-37.87580769617026,0.14249751896769006,0.006044862519490284,0.0990935551572075
1975-03-20 13:24:10,-32.31583713915026,0.08239339532707565,0.060444465577314054,503131.2604325082,1.7381153261113784,0.010516656183779886,3.08988648268943,193149.3337462063,294.5857215514879,1,-33.12361812922658,0.15848243330663328,0.007174474753100292,0.1157572289294163
1975-03-20 13:24:51,-46.79130089697417,0.07377644665981006,0.020135522332405228,136030.10614938,2.063410094046003,0.010482171916833077,1.6614304268741282,158902.8211716493,298.01894425136294,1,-56.34232525583142,0.19431404334519523,0.007042409815246668,0.12162447606578912
1975-03-20 13:25:31,-39.83085068753872,0.05377194995563019,0.013481184264281439,301465.30209128244,1.81829512876226,0.00503894679526066,2.646515799973177,166621.8274694228,294.9601039167464,1,-50.42774891335365,0.12959179826275624,0.005552327820977199,0.08472275265064808
1975-03-20 13:26:12,-22.370711441468266,0.47614383072021194,0.6017885989820376,283765.4738268399,3.722665789440118,0.1255233366453456,0.592082751719358,575968.2750833086,344.2639323612619,1,-76.26023670076341,1.1414298163578092,0.06734857861368951,0.6892230415927543
1975-03-20 13:26:52,,,,,3.8573064849182868,,,,,3,,,,
1975-03-20 13:27:33,,,,,4.267731986521381,,,,,3,,,,
1975-03-20 13:28:13,-37.31480039024426,0.0728368070253473,0.02041033718169147,239834.29091642692,2.789273702707134,0.00805048835264445,2.5367902741875015,234178.7096879876,292.9940750477604,1,-52.32143971712249,0.16984432988543327,0.006223479020034054,0.11195138469830321
1975-03-20 13:28:54,-43.19742193208166,0.07706165889105739,0.027130435251128716,193454.51505088672,2.4686788095285523,0.012967464902336813,2.2344374686794373,214210.3541653542,290.9748927458266,1,-57.16846118872858,0.2638317128503734,0.014622856245376108,0.16033501960789193
1975-03-20 13:29:34,,,,,4.6214111826006805,,,,,10,,,,
1975-03-20 13:30:15,-39.64125946764314,0.07275960666074832,0.025247392062522928,157124.22085691133,1.2984599172851845,0.011191308009697273,2.139754921576175,241238.4559594614,291.1863904497621,1,-59.10952115007943,0.18284493606874677,0.008741269400626295,0.11916619404834335
1975-03-20 13:30:55,,,,,7.258883187300059,,,,,3,,,,
1975-03-20 13:31:36,-31.873020114816192,0.06165951075806717,0.01576984328509114,179424.7266172574,3.1078339382844833,0.009833974808764748,2.3800952925441474,224059.61908634994,298.04133333099975,1,-54.094369110573524,0.17251597807700592,0.007562433038506744,0.10599965465360617
1975-03-20 13:32:16,-29.63005153152058,0.07384827391962799,0.03078789357059194,346496.38305724616,5.373046294943332,0.017805958401952055,6.448935926146708,497397.37644999404,273.7820489019443,1,-33.2020712896826,0.19214475418683466,0.019545956589123083,0.15669241129768913
1975-03-20 13:32:57,,,,,9.495778817325352,,,,,3,,,,
1975-03-20 13:33:37,,,,,6.563005865215113,,,,,9,,,,
1975-03-20 13:34:18,,,,,4.418929845424335,,,,,10,,,,
1975-03-20 13:34:58,-27.10457492260969,0.13071939542050603,0.0561267617461786,196617.6677308061,3.6635930384886244,0.031146823805567152,2.757410802517584,437178.8559289864,295.9785951820103,1,-37.6614037918834,0.21816853528125413,0.016622057335260693,0.25543996762161214
1975-03-20 13:35:39,,,,,5.632125271994381,,,,,10,,,,
1975-03-20 13:36:19,,,,,5.5084420217897225,,,,,10,,,,
1975-03-20 13:37:00,,,,,9.302089867803803,,,,,10,,,,
1975-03-20 13:37:40,,,,,6.8577455464036845,,,,,10,,,,
1975-03-20 13:38:21,,,,,7.7898552401770145,,,,,10,,,,
1975-03-20 13:39:01,,,,,7.534786864536326,,,,,9,,,,
1975-03-20 13:39:42,,,,,8.810758386875971,,,,,3,,,,
1975-03-20 13:40:22,,,,,6.04997361065516,,,,,3,,,,
1975-03-20 13:41:03,,,,,9.899009670716502,,,,,3,,,,
1975-03-20 13:41:43,,,,,9.667682160369628,,,,,10,,,,
1975-03-20 13:42:24,,,,,10.649017488220302,,,,,9,,,,
1975-03-20 13:43:04,,,,,4.791331059394384,,,,,10,,,,
1975-03-20 13:43:45,,,,,6.640892516634194,,,,,3,,,,
1975-03-20 13:44:25,,,,,15.495095264031317,,,,,10,,,,
1975-03-20 13:45:06,,,,,27.88181283910802,,,,,10,,,,
1975-03-20 13:45:46,-20.184590636933493,0.18277947716824508,0.07162866420706403,325430.02618191106,7.695594495079542,0.0867705857165099,2.6896183489195873,1205401.7925214474,318.8401400337434,1,-42.499271675247215,0.31092730591293244,0.025421526978381372,0.3050308753748628
1975-03-20 13:46:27,,,,,7.479929549490702,,,,,10,,,,
1975-03-20 13:47:07,,,,,6.57014438066455,,,,,3,,,,
1975-03-20 13:47:48,,,,,3.242761022401118,,,,,9,,,,
1975-03-20 13:48:28,,,,,3.0248597988044423,,,,,10,,,,
1975-03-20 13:49:09,,,,,4.526773718665492,,,,,10,,,,
1975-03-20 13:49:49,4.371241079482926,0.07208882327966032,0.015611315746347732,549628.2075375852,1.129483884930584,0.2810761725237682,4.036256531067366,552485.0259879308,300.5846599408848,1,-32.12526512930966,0.22722285106712764,0.026068083916479586,0.1642332756072455
1975-03-20 13:50:30,,,,,5.141379501247955,,,,,10,,,,
1975-03-20 13:51:10,,,,,3.4726303574946895,,,,,9,,,,
1975-03-20 13:51:51,,,,,4.186060024982974,,,,,3,,,,
1975-03-20 13:52:31,,,,,2.1476360364359985,,,,,9,,,,
1975-03-20 13:53:12,,,,,7.013916026707766,,,,,3,,,,
1975-03-20 13:53:52,,,,,7.221598924678932,,,,,9,,,,
1975-03-20 13:54:33,,,,,5.340698715553472,,,,,9,,,,
1975-03-20 13:55:13,,,,,4.396255319436468,,,,,3,,,,
1975-03-20 13:55:54,,,,,3.6944419549783594,,,,,10,,,,
1975-03-20 13:56:34,,,,,7.435831056623247,,,,,10,,,,
1975-03-20 13:57:15,,,,,5.712086079220464,,,,,3,,,,
1975-03-20 13:57:55,,,,,6.010376287421792,,,,,10,,,,
1975-03-20 13:58:36,,,,,7.360636792323923,,,,,10,,,,
1975-03-20 14:04:02,,,,,3.3404603044505663,,,,,3,,,,
1975-03-20 14:04:43,,,,,4.004374381094103,,,,,10,,,,
1975-03-20 14:05:24,,,,,6.22261001418288,,,,,6,,,,
1975-03-20 14:06:04,,,,,5.008498339200724,,,,,10,,,,
1975-03-20 14:06:45,,,,,3.953535905441147,,,,,3,,,,
1975-03-20 14:07:25,,,,,6.543637721815946,,,,,3,,,,
1975-03-20 14:08:06,,,,,4.115788972569599,,,,,3,,,,
1975-03-20 14:08:46,,,,,3.3766700589963006,,,,,6,,,,
1975-03-20 14:09:27,,,,,2.439552880006644,,,,,3,,,,
1975-03-20 14:10:07,,,,,2.9989405500300723,,,,,6,,,,
1975-03-20 14:10:48,,,,,4.391807721962076,,,,,3,,,,
1975-03-20 14:11:28,,,,,3.6754959212519918,,,,,6,,,,
1975-03-20 14:12:09,,,,,2.701342868824233,,,,,6,,,,
1975-03-20 14:12:49,,,,,,,,,,8,,,,
1975-03-20 14:13:30,,,,,5.166531065207515,,,,,3,,,,
1975-03-20 14:14:10,,,,,8.186774876641213,,,,,3,,,,
1975-03-20 14:14:51,,,,,10.458016271672507,,,,,3,,,,
1975-03-20 14:15:31,,,,,9.164060679845317,,,,,6,,,,
1975-03-20 14:16:12,,,,,7.003125624787815,,,,,3,,,,
1975-03-20 14:16:52,,,,,10.267851387002006,,,,,6,,,,
1975-03-20 14:17:33,,,,,8.74554157711382,,,,,3,,,,
1975-03-20 14:18:13,,,,,7.1226511672012744,,,,,3,,,,
1975-03-20 14:18:54,,,,,9.703865356173498,,,,,3,,,,
1975-03-20 14:19:34,,,,,0.41982794716778826,,,,,6,,,,
1975-03-20 14:20:15,,,,,3.5315694719868382,,,,,3,,,,
1975-03-20 19:47:46,,,,,0.9379427519858468,,,,,10,,,,
1975-03-20 19:48:27,,,,,1.8849024785806872,,,,,6,,,,
1975-03-20 19:49:07,,,,,2.400867874028917,,,,,3,,,,
1975-03-20 19:49:48,,,,,1.2046782102753713,,,,,6,,,,
1975-03-20 19:50:28,,,,,1.6308394664961883,,,,,10,,,,
1975-03-20 19:51:09,,,,,7.167758506612175,,,,,6,,,,
1975-03-20 19:51:49,,,,,0.9175390071796674,,,,,10,,,,
1975-03-20 19:52:30,,,,,0.19714956518190058,,,,,6,,,,
1975-03-20 19:53:10,,,,,1.5666386289118719,,,,,10,,,,
1975-03-20 19:53:51,,,,,,,,,,6,,,,
1975-03-20 19:54:31,,,,,0.23102750581679324,,,,,3,,,,
1975-03-20 19:55:12,,,,,0.7510761172912512,,,,,10,,,,
1975-03-20 19:55:52,,,,,0.6312756827455188,,,,,3,,,,
1975-03-20 19:56:33,,,,,1.2603010126625425,,,,,10,,,,
1975-03-20 19:57:13,,,,,1.124485475682907,,,,,10,,,,
1975-03-20 19:57:54,,,,,1.325080206563368,,,,,10,,,,
1975-03-20 19:58:34,,,,,,,,,,7,,,,
1975-03-20 19:59:15,,,,,5.8365155386678715,,,,,6,,,,
1975-03-20 19:59:55,,,,,,,,,,7,,,,
1975-03-20 20:00:36,,,,,,,,,,7,,,,
1975-03-20 20:01:16,,,,,1.076168532064819,,,,,10,,,,
1975-03-20 20:01:57,,,,,7.015956713166199,,,,,6,,,,
1975-03-20 20:02:37,,,,,1.417269226932225,,,,,10,,,,
1975-03-20 20:03:18,,,,,,,,,,7,,,,
1975-03-20 20:03:58,,,,,0.0,,,,,3,,,,
1975-03-20 20:04:39,,,,,1.2836696357990556,,,,,3,,,,
1975-03-20 20:05:19,,,,,1.2036892778767099,,,,,3,,,,
1975-03-20 20:06:00,,,,,0.15283524578373409,,,,,6,,,,
1975-03-20 20:06:40,,,,,3.4475293119174912,,,,,6,,,,
1975-03-20 20:07:21,,,,,0.46837360504918457,,,,,3,,,,
1975-03-20 20:08:01,,,,,6.783533229295031,,,,,3,,,,
1975-03-20 20:08:42,,,,,1.0152391849100844,,,,,6,,,,
1975-03-20 20:09:22,,,,,1.4872531784406469,,,,,3,,,,
1975-03-20 20:10:03,,,,,1.7485273011247986,,,,,6,,,,
1975-03-20 20:10:43,,,,,,,,,,7,,,,
1975-03-20 20:11:24,,,,,0.4180674090442175,,,,,6,,,,
1975-03-20 20:12:04,,,,,0.9625374800879746,,,,,10,,,,
1975-03-20 20:12:45,,,,,0.2647082870266184,,,,,6,,,,
1975-03-20 20:13:25,,,,,1.129205407248031,,,,,10,,,,
1975-03-20 20:14:06,,,,,2.93934057109188,,,,,3,,,,
1975-03-20 20:14:46,,,,,3.101054624948225,,,,,3,,,,
1975-03-20 20:15:27,,,,,2.9932058446351473,,,,,6,,,,
1975-03-20 20:16:07,,,,,0.7532510372365704,,,,,10,,,,
1975-03-20 20:16:48,,,,,,,,,,7,,,,
1975-03-20 20:17:28,,,,,0.20442234553477967,,,,,3,,,,
1975-03-20 20:18:09,,,,,1.0915749241561579,,,,,10,,,,
1975-03-20 20:18:49,,,,,0.6916952597426705,,,,,3,,,,
1975-03-20 20:19:30,,,,,,,,,,6,,,,
1975-03-20 20:20:10,,,,,,,,,,7,,,,
1975-03-20 20:21:31,,,,,3.5445518511053025,,,,,3,,,,
1975-03-20 20:22:12,,,,,2.9232278981373874,,,,,6,,,,
1975-03-20 20:22:52,,,,,3.553043103011049,,,,,6,,,,
1975-03-20 20:23:33,,,,,1.0505937737720876,,,,,10,,,,
1975-03-20 20:24:13,,,,,2.870222131933306,,,,,3,,,,
1975-03-20 20:24:54,,,,,4.771762263982158,,,,,3,,,,
1975-03-20 20:25:34,,,,,2.8779513275693662,,,,,6,,,,
1975-03-20 20:26:15,,,,,,,,,,6,,,,
1975-03-20 20:26:55,,,,,1.1391102168167895,,,,,10,,,,
1975-03-20 20:27:36,,,,,6.204952844645,,,,,6,,,,
1975-03-20 20:28:16,,,,,,,,,,7,,,,
1975-03-20 20:28:57,,,,,0.0,,,,,10,,,,
1975-03-20 20:30:18,,,,,,,,,,7,,,,
1975-03-20 20:30:58,,,,,2.148227015977029,,,,,3,,,,
1975-03-20 20:31:39,,,,,2.532429522530517,,,,,3,,,,
1975-03-20 20:32:19,,,,,0.0,,,,,6,,,,
1975-03-20 20:33:00,,,,,,,,,,7,,,,
1975-03-20 20:33:40,,,,,3.6224596902242525,,,,,6,,,,
1975-03-20 20:34:21,,,,,4.458136805664656,,,,,3,,,,
1975-03-20 20:35:01,,,,,,,,,,7,,,,
1975-03-20 20:35:42,,,,,1.6289944233711697,,,,,10,,,,
1975-03-20 20:36:22,,,,,,,,,,7,,,,
1975-03-20 20:37:03,,,,,,,,,,7,,,,
1975-03-20 20:37:43,,,,,2.6575190183653383,,,,,3,,,,
1975-03-20 20:38:25,,,,,,,,,,6,,,,
1975-03-20 20:39:44,,,,,1.392057244917149,,,,,6,,,,
1975-03-20 20:41:06,,,,,1.4079691814231248,,,,,10,,,,
1975-03-20 20:41:46,,,,,,,,,,7,,,,
1975-03-20 20:42:27,,,,,3.3711106373123494,,,,,10,,,,
1975-03-20 20:43:08,,,,,,,,,,7,,,,
1975-03-20 20:43:48,,,,,2.6826424277059484,,,,,3,,,,
1975-03-20 20:44:28,,,,,3.294232176202052,,,,,3,,,,
1975-03-20 20:45:09,,,,,1.2704915122054177,,,,,10,,,,
1975-03-20 20:45:49,,,,,4.954352765226263,,,,,6,,,,
1975-03-20 20:46:30,,,,,5.159998780222125,,,,,3,,,,
1975-03-20 20:47:10,,,,,0.7231609872612826,,,,,3,,,,
1975-03-20 20:49:52,,,,,,,,,,6,,,,
1975-03-20 20:50:33,,,,,5.227460531505872,,,,,6,,,,
1975-03-20 20:51:13,,,,,1.3115843435064602,,,,,10,,,,
1975-03-20 20:51:54,,,,,0.0,,,,,10,,,,
1975-03-20 20:52:34,,,,,0.7261312024325148,,,,,10,,,,
1975-03-20 20:53:15,,,,,,,,,,6,,,,
1975-03-20 20:55:15,,,,,2.5100632299459935,,,,,6,,,,
1975-03-20 20:55:57,,,,,1.795285607001708,,,,,6,,,,
1975-03-20 20:56:37,,,,,3.4191508998651403,,,,,3,,,,
1975-03-20 20:57:17,,,,,4.700882131204223,,,,,6,,,,
1975-03-20 20:57:58,,,,,4.0908453592937555,,,,,3,,,,
1975-03-20 20:58:39,,,,,3.8748675261867263,,,,,6,,,,
1975-03-20 20:59:19,,,,,0.0,,,,,10,,,,
1975-03-20 21:00:00,,,,,,,,,,7,,,,
1975-03-20 21:00:40,,,,,2.067687248885546,,,,,3,,,,
1975-03-20 21:01:21,,,,,4.857865703390833,,,,,3,,,,
1975-03-20 21:02:01,,,,,1.316231536065634,,,,,6,,,,
1975-03-20 21:02:42,,,,,2.7398365840147143,,,,,10,,,,
1975-03-20 21:03:22,,,,,3.0033195698201007,,,,,3,,,,
1975-03-20 21:04:03,,,,,3.356857520709528,,,,,3,,,,
1975-03-20 21:04:43,,,,,0.42076361717524363,,,,,3,,,,
1975-03-20 21:05:24,,,,,1.51540444221666,,,,,10,,,,
1975-03-20 21:06:04,,,,,0.6514921363588163,,,,,6,,,,
1975-03-20 21:06:45,,,,,4.645249741117414,,,,,3,,,,
1975-03-20 21:07:25,,,,,1.7746179382000213,,,,,3,,,,
1975-03-20 21:08:06,,,,,,,,,,7,,,,
1975-03-20 21:08:46,,,,,1.126090574418577,,,,,10,,,,
1975-03-20 21:09:27,,,,,3.596419868980946,,,,,3,,,,
1975-03-20 21:10:07,,,,,0.0,,,,,10,,,,
1975-03-20 21:10:48,,,,,0.3558542915927109,,,,,3,,,,
1975-03-20 21:11:28,,,,,2.418342949687024,,,,,3,,,,
1975-03-20 21:12:09,,,,,6.313624175802058,,,,,6,,,,
1975-03-20 21:12:49,,,,,2.631744009293797,,,,,3,,,,
1975-03-20 21:13:30,,,,,0.6706899496843012,,,,,10,,,,
1975-03-20 21:14:10,,,,,4.069271106974791,,,,,6,,,,
1975-03-20 21:14:51,,,,,2.3196041030769865,,,,,6,,,,
1975-03-20 21:15:31,,,,,0.9061095744389712,,,,,3,,,,
1975-03-20 21:16:12,,,,,2.8596042674691575,,,,,6,,,,
1975-03-20 21:16:52,,,,,0.0,,,,,6,,,,
1975-03-20 21:17:33,,,,,4.348882745207218,,,,,3,,,,
1975-03-20 21:18:13,,,,,3.5179373378712064,,,,,3,,,,
1975-03-20 21:18:54,,,,,4.033811594854259,,,,,3,,,,
1975-03-20 21:19:34,,,,,2.3265269976503333,,,,,6,,,,
1975-03-20 21:20:15,,,,,0.8288757735079088,,,,,3,,,,
1975-03-20 21:20:55,,,,,5.554835776963649,,,,,3,,,,
1975-03-20 21:22:16,,,,,2.750649924383727,,,,,6,,,,
1975-03-20 21:22:57,,,,,2.943489976130424,,,,,3,,,,
1975-03-20 21:23:37,,,,,0.7948957554653299,,,,,10,,,,
1975-03-20 21:24:18,,,,,1.1531355662375438,,,,,10,,,,
1975-03-20 21:24:58,,,,,0.6558838015575487,,,,,3,,,,
1975-03-20 21:25:39,,,,,,,,,,7,,,,
1975-03-20 21:26:19,,,,,0.420026322409941,,,,,3,,,,
1975-03-20 21:27:00,,,,,0.46664037482187887,,,,,3,,,,
1975-03-20 21:27:40,,,,,0.7788373654613444,,,,,3,,,,
1975-03-20 21:28:21,,,,,1.320210497811228,,,,,10,,,,
1975-03-20 21:29:01,,,,,,,,,,7,,,,
1975-03-20 21:29:42,,,,,3.057967035426403,,,,,3,,,,
1975-03-20 21:30:22,,,,,4.777895524499645,,,,,6,,,,
1975-03-20 21:31:03,,,,,0.7648022863501175,,,,,10,,,,
1975-03-20 21:31:43,,,,,3.522413226661638,,,,,3,,,,
1975-03-20 21:32:24,,,,,2.9669035081211326,,,,,6,,,,
1975-03-20 21:33:03,,,,,1.626761889473594,,,,,3,,,,
1975-03-20 21:33:45,,,,,1.6981560553189146,,,,,6,,,,
1975-03-20 21:34:25,,,,,3.6358496886952585,,,,,10,,,,
1975-03-20 21:35:06,,,,,1.8385116358888414,,,,,6,,,,
1975-03-20 21:35:46,,,,,0.35517453478763394,,,,,3,,,,
1975-03-20 21:36:27,,,,,3.7415262048389497,,,,,6,,,,
1975-03-20 21:37:07,,,,,1.6003823564824071,,,,,6,,,,
1975-03-20 21:37:48,,,,,0.24679352096202642,,,,,3,,,,
1975-03-20 21:38:28,,,,,0.0,,,,,6,,,,
1975-03-20 21:39:09,,,,,2.666970539605378,,,,,3,,,,
1975-03-20 21:39:49,,,,,0.5876148212847562,,,,,3,,,,
1975-03-20 21:40:30,,,,,2.515326575906859,,,,,3,,,,
1975-03-20 21:41:10,,,,,3.897189581359238,,,,,6,,,,
1975-03-20 21:41:51,,,,,0.0,,,,,6,,,,
1975-03-20 21:42:31,,,,,0.15075218719398034,,,,,3,,,,
1975-03-20 21:43:12,,,,,5.649033881045959,,,,,6,,,,
1975-03-20 21:43:52,,,,,,,,,,6,,,,
1975-03-20 21:44:33,,,,,1.2174498026870708,,,,,10,,,,
1975-03-20 21:45:13,,,,,1.3447458541127766,,,,,3,,,,
1975-03-20 21:45:54,,,,,3.067690943951907,,,,,6,,,,
1975-03-20 21:46:34,,,,,2.9917273103406563,,,,,3,,,,
1975-03-20 21:47:15,,,,,6.310296024839456,,,,,3,,,,
1975-03-20 21:47:55,,,,,,,,,,7,,,,
1975-03-20 21:48:36,,,,,4.116815357968,,,,,3,,,,
1975-03-20 21:49:57,,,,,1.761749450621371,,,,,3,,,,
1975-03-20 21:50:37,,,,,0.8506567958567873,,,,,10,,,,
1975-03-20 21:51:18,,,,,4.488780228200802,,,,,3,,,,
1975-03-20 21:51:58,,,,,0.9038575781437161,,,,,10,,,,
1975-03-20 21:52:39,,,,,2.3592239888840405,,,,,6,,,,
1975-03-20 21:53:19,,,,,,,,,,6,,,,
1975-03-20 21:54:00,,,,,3.0004888182158638,,,,,10,,,,
1975-03-20 21:54:40,,,,,3.8581203990449637,,,,,3,,,,
1975-03-20 21:55:21,,,,,3.048350362377211,,,,,3,,,,
1975-03-20 21:56:01,,,,,0.05623331552084232,,,,,6,,,,
1975-03-20 21:56:42,,,,,0.872583937735542,,,,,10,,,,
1975-03-20 21:57:22,,,,,0.6921299803323671,,,,,3,,,,
1975-03-20 21:58:03,,,,,0.8618707240977432,,,,,10,,,,
1975-03-20 21:58:43,,,,,3.086919014424944,,,,,3,,,,
1975-03-20 21:59:24,,,,,0.8149653396683881,,,,,10,,,,
1975-03-20 22:00:45,,,,,,,,,,7,,,,
1975-03-20 22:01:25,,,,,1.9570793660861154,,,,,3,,,,
1975-03-20 22:02:06,,,,,4.258899789393221,,,,,6,,,,
1975-03-20 22:02:46,,,,,1.6208847660333818,,,,,3,,,,
1975-03-20 22:03:27,,,,,1.1325928508331085,,,,,3,,,,
1975-03-20 22:04:07,,,,,1.4286208688939832,,,,,10,,,,
1975-03-20 22:04:48,,,,,2.9502947786085842,,,,,3,,,,
1975-03-20 22:05:28,,,,,2.496979031110656,,,,,3,,,,
1975-03-20 22:06:09,,,,,2.902485803525935,,,,,10,,,,
1975-03-20 22:06:49,,,,,2.790896271681437,,,,,6,,,,
1975-03-20 22:08:10,,,,,2.790060744747362,,,,,3,,,,
1975-03-20 22:08:51,,,,,0.2445896936539857,,,,,3,,,,
1975-03-20 22:09:31,,,,,0.07730881663555567,,,,,10,,,,
1975-03-20 22:10:12,,,,,0.16071825420239172,,,,,3,,,,
1975-03-20 22:10:52,,,,,2.383043586530227,,,,,6,,,,
1975-03-20 22:11:33,,,,,0.0,,,,,6,,,,
1975-03-20 22:12:13,,,,,2.5822962899534367,,,,,3,,,,
1975-03-20 22:12:54,,,,,3.3117986032454367,,,,,3,,,,
1975-03-20 22:13:34,,,,,0.0,,,,,10,,,,
1975-03-20 22:14:15,,,,,0.6587568342493052,,,,,10,,,,
1975-03-20 22:14:55,,,,,0.580454493081896,,,,,3,,,,
1975-03-20 22:15:36,,,,,3.202819081298125,,,,,6,,,,
1975-03-20 22:16:16,,,,,,,,,,7,,,,
1975-03-20 22:16:57,,,,,,,,,,7,,,,
1975-03-20 22:17:37,,,,,3.2026278004280444,,,,,6,,,,
1975-03-20 22:18:18,,,,,0.3276704286292008,,,,,10,,,,
1975-03-20 22:18:58,,,,,1.1564926291045405,,,,,10,,,,
1975-03-20 22:19:39,,,,,,,,,,6,,,,
1975-03-20 22:20:19,,,,,1.0376774034791627,,,,,10,,,,
1975-03-20 22:21:00,,,,,,,,,,7,,,,
1975-03-20 22:21:40,,,,,0.19080848697039574,,,,,3,,,,
1975-03-20 22:22:21,,,,,1.9899284874436998,,,,,3,,,,
1975-03-20 22:23:01,,,,,0.10398713644862098,,,,,6,,,,
1975-03-20 22:23:42,,,,,0.09957248176819664,,,,,3,,,,
1975-03-20 22:24:22,,,,,0.2782490632522873,,,,,6,,,,
1975-03-20 22:25:03,,,,,0.2678770820691977,,,,,3,,,,
1975-03-20 22:25:43,,,,,0.0,,,,,3,,,,
1975-03-20 22:26:24,,,,,0.004598785786969905,,,,,3,,,,
1975-03-20 22:27:04,,,,,0.5866643981829401,,,,,6,,,,
1975-03-20 22:32:30,,,,,0.2567588007574843,,,,,3,,,,
1975-03-20 22:33:11,,,,,0.33259739972245406,,,,,3,,,,
1975-03-20 22:33:51,,,,,0.250321607139021,,,,,3,,,,
1975-03-20 22:34:32,,,,,0.0,,,,,3,,,,
1975-03-20 22:35:12,,,,,0.1500247884078436,,,,,3,,,,
1975-03-20 22:35:53,,,,,1.1149067582043295,,,,,3,,,,
1975-03-20 22:36:33,,,,,1.01055096423632,,,,,6,,,,
1975-03-20 22:37:14,,,,,1.0012658983404519,,,,,6,,,,
1975-03-20 22:37:54,29.495903172311884,0.1058840354555998,0.04608805670753008,1103960.2655269415,0.5035704199292919,0.06590729862506736,1.462231293243514,2729715.3399963942,534.7908419511855,1,-104.44912396530636,0.36039409075480255,0.028740480059180715,0.2503884279636473
1975-03-20 22:38:35,,,,,1.2254748286091384,,,,,6,,,,
1975-03-20 22:39:15,,,,,0.8843028297039621,,,,,3,,,,
1975-03-20 22:39:56,,,,,0.7697325259228199,,,,,3,,,,
1975-03-20 22:40:36,,,,,0.7197509969254038,,,,,10,,,,
1975-03-20 22:41:17,,,,,1.0360384719497726,,,,,6,,,,
1975-03-20 22:41:57,33.26910019230789,0.10034968599882721,0.10202925332462347,1905899.7529661278,0.1741678114024945,0.05346823944027723,2.17842196625808,2760548.4848071653,506.3846349913385,1,-75.94594111946256,0.4139737472308996,0.04197246145200244,0.2549228290231871
1975-03-20 22:42:38,,,,,0.9081584519721915,,,,,3,,,,
1975-03-20 22:43:59,,,,,0.9990230839172274,,,,,3,,,,
1975-03-20 22:44:39,,,,,1.5732838810425562,,,,,3,,,,
1975-03-20 22:45:20,,,,,1.1912945900180958,,,,,3,,,,
1975-03-20 22:46:00,,,,,1.362634097933,,,,,3,,,,
1975-03-20 22:46:41,,,,,0.4621778804542447,,,,,6,,,,
1975-03-20 22:47:21,,,,,0.38752201899678784,,,,,10,,,,
1975-03-20 22:48:02,,,,,0.45198775889190124,,,,,10,,,,
1975-03-20 22:48:42,,,,,0.3144329170711649,,,,,10,,,,
1975-03-20 22:49:23,78.82420431920502,0.5445900379125531,0.18134684446320307,2254984.9733452853,0.10620046125341191,0.18357191160605948,0.5139461835388868,4998209.021720235,609.0553840648674,1,-93.45844979847848,1.522158876268335,0.08782320842668587,0.9018719838608251
1975-03-20 22:50:03,,,,,0.0,,,,,3,,,,
1975-03-20 22:50:44,,,,,0.1713403026928244,,,,,3,,,,
1975-03-20 22:51:24,,,,,0.04550839352465104,,,,,6,,,,
1975-03-20 22:52:05,,,,,0.16391821362715736,,,,,6,,,,
1975-03-20 22:52:45,,,,,0.0,,,,,6,,,,
1975-03-20 22:53:26,,,,,0.030316951455339247,,,,,3,,,,
1975-03-20 22:54:06,,,,,0.020185003072513585,,,,,3,,,,
1975-03-20 22:54:47,,,,,0.07320669622842138,,,,,3,,,,
1975-03-20 22:55:27,,,,,0.0171920210691648,,,,,3,,,,
1975-03-20 22:56:08,,,,,0.08816826521854504,,,,,10,,,,
1975-03-20 22:56:48,,,,,0.1857287257130848,,,,,3,,,,
1975-03-20 22:57:29,,,,,0.25189660730728525,,,,,10,,,,
1975-03-20 22:58:09,31.56360698883319,0.19022946435791924,0.7993357433991954,6921268.672631151,0.011168491491681011,0.08561193992866863,1.8617144814523128,4134348.4255978796,530.0612522704752,1,-54.978811714926415,0.8328160482943042,0.1569270360906277,0.5141894951736126
1975-03-20 22:58:50,,,,,0.20160667779797026,,,,,6,,,,
1975-03-20 22:59:30,,,,,0.08336185483235582,,,,,3,,,,
1975-03-20 23:00:11,,,,,0.017997523058182526,,,,,3,,,,
1975-03-20 23:00:51,,,,,0.013454697301844985,,,,,3,,,,
1975-03-20 23:01:32,,,,,0.13045585830600498,,,,,3,,,,
1975-03-20 23:02:12,,,,,0.11469732354781895,,,,,3,,,,
1975-03-20 23:02:53,,,,,0.09462945589884109,,,,,3,,,,
1975-03-20 23:03:33,,,,,0.0057515058905083,,,,,3,,,,
1975-03-20 23:04:14,,,,,0.011312778079157482,,,,,10,,,,
1975-03-20 23:04:54,49.53682636528045,0.5132917769903125,0.07444336816195567,1514363.6222691548,0.0,0.19912075732235346,0.2555095584307691,3408952.0329475417,713.2010375191086,1,-43.73981158335827,0.42275886732984597,0.019536117184227163,0.44287089315883216
1975-03-20 23:07:36,,,,,0.0,,,,,3,,,,
1975-03-20 23:09:38,29.797866381379112,0.261330809573878,0.061290504505757126,3045658.015549458,0.011420168524248469,0.09462413830642197,0.6000966306894692,2006926.8770781148,564.8445980710936,1,-66.01242658047421,0.9634933389162615,0.12290199516465998,0.6247761683935802
1975-03-20 23:10:18,,,,,0.09417152359416496,,,,,3,,,,
1975-03-20 23:10:59,,,,,0.15695057938909063,,,,,3,,,,
1975-03-20 23:12:20,,,,,0.08262754157729907,,,,,3,,,,
1975-03-20 23:13:41,,,,,0.05410488358403029,,,,,3,,,,
1975-03-20 23:14:21,,,,,,,,,,7,,,,
1975-03-20 23:15:02,,,,,0.025846252515523218,,,,,3,,,,
1975-03-20 23:15:42,,,,,0.1318310464015855,,,,,3,,,,
1975-03-20 23:16:23,,,,,0.10426808127808568,,,,,6,,,,
1975-03-20 23:17:03,,,,,0.05207581112705376,,,,,10,,,,
1975-03-20 23:17:44,,,,,0.002191035294710929,,,,,3,,,,
1975-03-20 23:18:24,,,,,0.05232376593673721,,,,,3,,,,
1975-03-20 23:19:05,29.8882559062561,0.5289103019335157,0.21801945106648501,4480630.968043381,0.01430797317768162,0.15581748186195526,1.2423905709624796,5447724.913888362,597.9146694712261,1,-101.32677463567371,1.6072431791846142,0.10465642377066856,0.9041323817616642
1975-03-20 23:19:45,,,,,0.10646919629429437,,,,,3,,,,
1975-03-20 23:20:26,,,,,0.04093290456903478,,,,,3,,,,
1975-03-20 23:21:06,,,,,0.0,,,,,10,,,,
1975-03-20 23:21:47,,,,,0.2496073050940637,,,,,3,,,,
1975-03-20 23:22:27,,,,,0.02707166770251749,,,,,3,,,,
1975-03-20 23:23:08,,,,,0.010648507465404687,,,,,3,,,,
1975-03-20 23:23:48,,,,,0.21454487300837674,,,,,3,,,,
1975-03-20 23:24:29,,,,,0.3018224109360702,,,,,6,,,,
1975-03-20 23:25:09,,,,,0.19912182897584582,,,,,3,,,,
1975-03-20 23:25:50,,,,,0.18547662769372011,,,,,3,,,,
1975-03-20 23:26:30,,,,,0.034908119185885475,,,,,10,,,,
1975-03-20 23:27:11,,,,,0.13687946057288808,,,,,3,,,,
1975-03-20 23:27:51,,,,,0.023043944158848542,,,,,10,,,,
1975-03-20 23:28:32,,,,,0.17181437181123885,,,,,3,,,,
1975-03-20 23:29:12,,,,,0.1324752592474889,,,,,3,,,,
1975-03-20 23:29:53,,,,,0.14330748369308585,,,,,3,,,,
1975-03-20 23:30:33,,,,,0.3470691012187341,,,,,6,,,,
1975-03-20 23:31:14,,,,,0.1425934332656753,,,,,3,,,,
1975-03-20 23:31:54,,,,,0.0965953695420943,,,,,10,,,,
1975-03-20 23:32:35,6.925605627366269,0.3347870517170546,0.5834256891224868,2715578.849301973,0.055639258652970223,0.29469635546175044,2.061672232728648,7943930.9544526115,529.0110743449455,1,-90.95080296760706,1.2026994770585457,0.17154588215923772,0.902890062227462
1975-03-20 23:33:15,,,,,0.07954423431928853,,,,,3,,,,
1975-03-20 23:34:36,48.60572823805819,0.18685085678306895,0.11280921096841726,820179.4181794493,0.05196552649329,0.10458278187837983,0.6339181217507749,3301980.7078402378,577.1619175425888,1,-61.81347423039116,0.446458872661693,0.015925337489952097,0.2751198401169559
1975-03-20 23:35:17,,,,,0.42380882349000815,,,,,3,,,,
1975-03-20 23:35:57,,,,,0.502046151018413,,,,,6,,,,
1975-03-20 23:36:38,68.9378450741259,0.2149818760063253,0.3803161662157958,874465.6544141774,0.24193652285815515,0.17179271466858473,1.040150438059437,3804176.868851066,558.6037524700579,1,-84.34625275507761,0.7392771065814093,0.060359429565223055,0.5892906096792344
1975-03-20 23:37:18,,,,,0.02803196887230953,,,,,3,,,,
1975-03-20 23:37:59,36.20690283822997,0.4431836906314735,0.5618225040310776,8649481.30703138,0.018859738051771425,0.11124477608139015,1.4711713748807371,7713441.21251133,634.0760702897365,1,-29.715768654339918,1.1678341466297368,0.11544299775770625,0.6851260290412872
1975-03-20 23:38:39,,,,,0.07250590305051924,,,,,3,,,,
1975-03-20 23:39:20,,,,,0.22465859776938396,,,,,3,,,,
1975-03-20 23:40:00,,,,,0.03541900051380374,,,,,9,,,,
1975-03-20 23:40:41,,,,,0.008958702041151402,,,,,3,,,,
1975-03-20 23:41:21,,,,,,,,,,7,,,,
1975-03-20 23:42:02,,,,,0.014358585994319703,,,,,9,,,,
1975-03-20 23:43:23,78.55386934019009,0.3758527580185918,0.07903416418578436,1209018.2942097157,0.006391730538169728,0.22960092798640613,0.36122016477185304,4010522.5934817353,643.9250487086961,1,-56.611696541921475,0.6093091589161053,0.01748521440698046,0.4285312584770856
1975-03-20 23:44:03,25.574477695872115,0.502628669473645,0.13467368289197537,8386905.934299274,0.028242637754538294,0.22495054404939677,2.8838869710875907,11503672.446778068,542.0248070223256,1,-65.57268991804827,1.0092430530405965,0.2149452332459185,0.7136332565995752
1975-03-20 23:44:44,,,,,0.09594316432720257,,,,,3,,,,
1975-03-20 23:45:24,,,,,0.12053324643018162,,,,,10,,,,
1975-03-20 23:46:05,,,,,0.16990853737393402,,,,,10,,,,
1975-03-20 23:46:45,,,,,0.1616827323375116,,,,,3,,,,
1975-03-20 23:47:26,,,,,0.03102845795230038,,,,,10,,,,
1975-03-20 23:48:06,,,,,0.0076363154735696725,,,,,3,,,,
1975-03-20 23:48:47,,,,,0.004357213842329599,,,,,10,,,,
1975-03-20 23:49:27,,,,,0.12695512983535437,,,,,3,,,,
1975-03-20 23:50:11,,,,,0.07059974309377609,,,,,3,,,,
1975-03-20 23:50:48,20.78245067969691,0.37689690279251936,0.6391580724429822,3952160.078439105,0.037185729235006376,0.1579225883450748,1.7627909718917418,6735086.748621852,535.1354786812899,1,-78.8368490967195,0.878976075488123,0.11731193656802315,0.5755275213966723
1975-03-20 23:51:29,,,,,0.07785586568409684,,,,,3,,,,
1975-03-20 23:52:09,,,,,0.05267007953751289,,,,,3,,,,
1975-03-20 23:52:50,,,,,0.04135990194863101,,,,,3,,,,
1975-03-20 23:53:30,,,,,0.049089450266598306,,,,,3,,,,
1975-03-20 23:54:11,,,,,0.08866096165275442,,,,,3,,,,
1975-03-20 23:54:51,,,,,0.1635985657404264,,,,,3,,,,
1975-03-20 23:55:32,,,,,0.06868495874436523,,,,,10,,,,
1975-03-20 23:56:12,,,,,0.056364497407041664,,,,,3,,,,
1975-03-20 23:56:53,,,,,0.0404570415317423,,,,,10,,,,
1975-03-20 23:57:33,,,,,0.11289188379004603,,,,,3,,,,
1975-03-20 23:58:14,,,,,0.036483926294778715,,,,,3,,,,
1975-03-20 23:58:54,,,,,0.05340419778511506,,,,,3,,,,
1975-03-20 23:59:35,53.35290822684136,1.0187112998634933,0.5056647323032234,4868501.711178586,0.021976105973251087,0.5192457231602016,3.439919076251305,25386794.629595052,597.0540398567803,1,-72.18399572014107,0.966460461311327,0.04630487308702035,0.8748665386883913
